player_name,team,innings,runs,balls,wickets,extras,average,strike_rate,economy,wicket_hauls
DAJ Bracewell,New Zealand,17,729,869,21,24,32.1984840232389,40.1572517896047,5.03348167932495,1
MJ Henry,New Zealand,46,2316,2590,86,120,26.90222383201,29.7023242995167,5.36740841085695,8
MJ McClenaghan,New Zealand,45,2350,2439,92,150,24.2197022828261,25.6575177076564,5.77133823021881,10
MJ Santner,New Zealand,54,2159,2631,61,71,27.8374488231392,34.1883821890636,4.91930505312632,1
IS Sodhi,New Zealand,25,1143,1263,33,32,26.6834068627451,30.5337254901961,5.49113880594722,2
PVD Chameera,Sri Lanka,14,525,500,12,45,15.3507653061225,14.3312074829932,7.12516742984446,0
KMDN Kulasekara,Sri Lanka,172,6699,8063,210,381,28.4149658358643,34.2979837575492,5.04370081360028,7
SMSM Senanayake,Sri Lanka,47,1892,2384,60,52,25.8736091839872,33.1868864339447,4.91062678025853,1
JDF Vandersay,Sri Lanka,7,323,293,7,27,32.0666666666667,31.9333333333333,8.92616487194514,0
KDU Prabodhani,Sri Lanka,22,708,888,16,37,20.0563909774436,27.812030075188,4.88402533071671,1
SS Weerakkody,Sri Lanka,26,613,858,20,36,24.2703305681247,36.6866123051785,4.54437554067067,1
SIP Fernando,Sri Lanka,9,235,367,13,13,16.1534391534392,24.8835978835979,4.43541901085049,0
AC Jayangani,Sri Lanka,24,654,655,13,15,25.5201089695137,24.1553497942387,6.90316911660885,0
LE Kaushalya,Sri Lanka,21,421,512,12,38,16.6844161184211,24.3497121710526,6.01241305391378,0
I Ranaweera,Sri Lanka,35,1229,1637,42,58,19.6607279924852,28.3732137681159,4.94742524448099,2
M Shehani,Sri Lanka,1,30,30,0,1,0.0,0.0,6.0,0
S Pandey,India,29,865,1347,44,58,19.6491034482759,31.6254482758621,3.8562822619256,2
SK Yadav,India,1,39,48,0,0,0.0,0.0,4.875,0
DB Sharma,India,30,998,1578,36,55,21.6060316307593,38.2517994028887,3.86509223007056,0
E Bisht,India,29,944,1583,57,32,17.7733806975323,29.995649690272,3.61911717760186,4
RS Gayakwad,India,15,469,809,34,7,16.2152777777778,27.1652777777778,3.4750191611667,2
DP Vaidya,India,5,72,135,7,10,9.23333333333333,16.1,3.4493724053724,0
SCJ Broad,England,118,5379,6135,199,332,26.3827531730057,30.481081363178,5.34292346762381,14
J Lewis,England,10,387,584,14,34,28.1119047619048,45.2190476190476,3.96758001241297,1
SI Mahmood,England,24,1145,1238,38,124,27.9834782608696,32.1337922705314,5.6917281851777,2
PD Collingwood,England,91,2676,3260,80,109,23.814097189164,31.4821225226462,5.20984519050213,1
MH Yardy,England,27,1052,1289,20,39,29.1111589935119,40.5150191130583,4.94139300897158,0
JWM Dalrymple,England,23,686,868,15,52,27.9272027127462,39.1537801932367,4.9350999862241,0
Mohammad Asif,Pakistan,31,1358,1706,39,92,29.9412,38.4918285714286,4.7622207357508,0
Naved-ul-Hasan,Pakistan,36,1663,1746,54,111,25.2128709541504,26.6092197483485,5.92182583261492,5
Iftikhar Anjum,Pakistan,46,1878,2302,67,80,26.8991628495476,33.8490374416633,5.06831707607431,3
Abdul Razzaq,Pakistan,58,1869,2201,56,107,25.671607487126,32.7404694199789,5.40985106723861,1
Shahid Afridi,Pakistan,174,7134,9224,224,382,29.5265592411801,38.5442603891128,4.76125067736528,13
Mashrafe Mortaza,Bangladesh,145,6041,7193,192,367,28.7385046846931,33.9932682419511,5.10958482882365,4
Syed Rasel,Bangladesh,39,1591,2030,50,102,27.7941394548498,36.6551579036037,4.89286672098233,1
Shafiul Islam,Bangladesh,59,2556,2601,74,175,33.1005571001299,33.4261863818187,6.00413019577193,5
Shakib Al Hasan,Bangladesh,164,6546,8554,228,209,26.1551707582498,35.4711076444054,4.78270530572861,11
Mohammad Ashraful,Bangladesh,21,313,358,8,13,8.0698051948052,12.0012175324675,6.49419894946211,0
Naeem Islam,Bangladesh,41,1159,1422,34,44,19.3884834104938,26.5387523630401,6.04473348609456,0
Mahmudullah,Bangladesh,115,3153,3636,76,147,28.6830231845301,36.2800131614816,5.57517376659577,1
SL Malinga,Sri Lanka,197,9042,10285,332,804,29.1228322383799,33.1774534963479,5.23934261737151,19
TM Dilshan,Sri Lanka,160,3733,4574,88,114,21.5257537751158,30.4408028161337,5.33833391019203,1
M Muralitharan,Sri Lanka,85,3406,4675,144,222,25.9673887946428,35.1286213565992,4.28495237761381,7
UWMBCA Welegedara,Sri Lanka,9,443,474,17,35,24.0571428571429,26.6571428571428,5.67785729294202,1
KH Brunt,England,42,1277,2156,62,130,19.1131079667671,32.1249374096174,3.57913268192406,6
GA Elwiss,England,13,354,621,18,25,18.9861111111111,36.3159722222222,3.67154045525178,0
JL Gunn,England,30,986,1458,43,68,19.48699979992,30.2682472989196,4.18040248061358,3
HL Colvin,England,11,382,622,19,10,21.5108225108225,36.0735930735931,3.8423528916879,0
DN Wyatt,England,17,447,537,14,20,24.8544444444444,28.5327777777778,5.36232649411053,0
A Brindle,England,17,449,621,20,29,18.3231944444444,25.6512037037037,4.7865647814466,0
J Goswami,India,34,1054,1704,59,59,18.5772517014618,31.330335942971,3.67699818408662,4
N Niranjana,India,10,340,476,15,31,18.058201058201,24.978835978836,4.47930439162204,0
A Sharma,India,6,145,199,3,16,20.3333333333333,33.5,4.71665104704039,0
S Sharma,India,2,75,100,0,10,0.0,0.0,4.3538961038961,0
G Sultana,India,8,321,452,11,15,17.9606481481481,25.3009259259259,4.12997368556502,0
V Krishnamurthy,India,4,47,107,3,7,6.875,17.6875,3.82854800936768,0
R Malhotra,India,5,82,85,1,9,2.4,3.0,5.85882591093117,0
Mohammad Hafeez,Pakistan,139,4352,6223,117,147,23.440229508574,35.1328706118883,4.51483076843364,2
Mohammad Amir,Pakistan,50,2170,2665,84,153,28.3514625577577,35.7303364810239,4.79941830749109,3
Shaheen Shah Afridi,Pakistan,12,632,666,28,38,33.5112847222222,31.9513888888889,5.6382821269923,3
Imad Wasim,Pakistan,45,1786,2178,40,74,27.2273254330148,37.8843177888281,5.01391380820498,1
Shadab Khan,Pakistan,20,1023,1086,28,11,31.9218632478632,37.5874188034188,5.70346533385175,0
Wahab Riaz,Pakistan,88,4141,4423,137,378,29.5747475800515,32.7063666672767,5.56048536508314,10
TA Boult,New Zealand,72,3332,4098,136,232,28.8717487158482,34.2419064543852,4.8762548691892,12
LH Ferguson,New Zealand,25,1323,1456,46,112,32.2092462745098,34.1175796078431,5.44146480966174,2
C de Grandhomme,New Zealand,29,808,1037,21,51,23.7805095308322,31.0448165340407,5.08166506347647,0
JDS Neesham,New Zealand,59,2061,2075,63,174,26.1825730950985,26.3151065938059,6.20586301673467,3
KS Williamson,New Zealand,63,1284,1428,39,44,25.5937951796067,29.2709756325526,5.83949446289216,1
C Munro,New Zealand,13,204,220,2,4,6.7,8.0,6.27003381234151,0
B Kumar,India,85,3507,4235,115,182,27.378681288212,33.3337455456902,4.95098458289089,5
MM Sharma,India,25,1033,1153,34,49,24.0828571428571,26.9853968253968,5.41932957005723,1
Mohammed Shami,India,73,3569,3876,150,247,27.6084359490846,30.5179257584257,5.47878092900467,12
RA Jadeja,India,153,6586,8001,189,173,31.1038935689843,38.8306185904531,5.05145678217135,9
A Mishra,India,32,1463,1866,66,61,25.43068940608,32.4445018089549,4.68248196249656,5
SK Raina,India,96,1767,2080,41,52,13.8645215608492,16.833919485357,5.51278093356784,0
R Rampaul,West Indies,68,2843,3358,107,214,24.5985784693603,30.1079476597447,5.3736932147119,11
JE Taylor,West Indies,72,3194,3681,119,253,27.5322812950928,32.290001178739,5.31850016518353,5
DJ Bravo,West Indies,116,4588,5192,171,294,25.1892712165828,28.3998817707708,5.46926222559229,6
AD Russell,West Indies,53,2173,2306,71,162,30.6965137750759,32.1507481111514,5.87514447051862,5
SJ Benn,West Indies,44,1883,2300,38,64,32.8442511540344,42.208726070596,4.96169454164168,3
DJG Sammy,West Indies,114,3822,4853,86,136,28.0549454696037,36.5514871014381,5.13958549373217,1
MN Samuels,West Indies,80,2429,3109,55,109,24.8740449146606,32.9225723686084,5.11364624897518,0
S Ismail,South Africa,45,1425,2178,66,99,23.9844895789003,35.5160018365623,3.91377226340272,3
C van der Westhuizen,South Africa,1,31,62,2,2,15.5,31.0,3.0,0
D van Niekerk,South Africa,41,1109,1814,54,51,18.8361401566749,32.1988877131099,3.89641773115057,3
MM Letsoalo,South Africa,18,431,749,20,21,16.5392156862745,32.1745098039216,4.13511890632288,1
S Loubser,South Africa,8,318,457,11,12,29.84375,46.625,4.26169040064466,0
AE Smith,South Africa,1,5,6,0,0,0.0,0.0,5.0,0
SA Fritz,South Africa,1,11,31,4,0,2.75,7.75,2.12903225806452,1
SC Selman,West Indies,15,411,593,10,31,15.5906593406593,24.0128205128205,4.50939683200815,0
PY Lavine,West Indies,1,14,12,0,0,0.0,0.0,7.0,0
SF Daley,West Indies,13,411,507,9,16,31.6115384615385,41.1173076923077,5.24568252905181,0
CP Jack,West Indies,1,21,24,0,0,0.0,0.0,5.25,0
SR Taylor,West Indies,25,780,1173,23,42,21.0082729392927,35.0765794695071,4.12200884261687,0
SA Campbelle,West Indies,6,130,195,4,30,17.5333333333333,26.4333333333333,4.93308840282525,0
DJS Dottin,West Indies,21,619,766,30,96,15.0235792094616,18.9846560846561,5.06917215413173,5
SACA King,West Indies,8,150,212,2,14,3.0,15.0,5.04106267507003,0
A Mohammed,West Indies,21,750,975,24,11,22.8648484848485,27.7278354978355,4.8236557675287,1
MM Patel,India,66,2614,3188,93,159,23.1180834675276,30.6289020068229,4.93143791151915,3
S Sreesanth,India,45,2193,2282,77,157,31.4883076069695,32.5926851175053,5.84748681507924,3
SC Ganguly,India,16,385,448,9,24,14.6156468531468,18.6752622377622,5.49788532554674,0
Harbhajan Singh,India,109,4576,6049,143,287,31.6307383479157,41.4892306105028,4.58046002702294,3
A Kumble,India,7,296,387,9,18,23.5535714285714,31.797619047619,4.55901045986338,0
SR Tendulkar,India,32,704,762,12,44,35.6397723206298,40.869803781237,6.43927234154453,0
MF Maharoof,Sri Lanka,65,2508,3065,90,158,26.2089123708505,33.4982333798261,5.19056230173441,5
HMCM Bandara,Sri Lanka,23,983,1184,30,32,28.8913296848079,35.9665805209284,5.13414457564935,2
ST Jayasuriya,Sri Lanka,66,1953,2382,64,60,22.3535848279206,29.0892540845526,4.87450368129883,3
DBL Powell,West Indies,34,1494,1866,47,138,24.8216458704694,31.1437460003081,4.80376527321225,1
N Deonarine,West Indies,14,294,311,0,4,0.0,0.0,6.41481625872941,0
RN Lewis,West Indies,9,335,388,8,9,35.4074074074074,40.9037037037037,5.34545013748989,0
E Chigumbura,Zimbabwe,98,3157,3427,83,284,27.733802683661,30.5698627621162,5.75455847844661,3
GB Brent,Zimbabwe,17,707,907,21,58,25.9185606060606,34.3839285714286,4.76641452462349,1
RW Price,Zimbabwe,60,2248,3280,74,104,28.4331476686603,39.5617086073173,4.10495606952086,0
CJ Chibhabha,Zimbabwe,52,1419,1532,36,60,24.7095543864949,26.9624038734198,6.07352902393498,1
P Utseya,Zimbabwe,100,4260,5387,95,139,31.7873810070398,40.1682021722859,4.81495365319196,2
KM Dabengwa,Zimbabwe,23,624,691,15,26,12.3140014453748,18.253115921907,5.9077840213456,0
ML Schutt,Australia,35,1226,1701,51,99,23.7316540461145,33.3164092118486,4.53786276213331,2
EA Perry,Australia,43,1522,2067,59,149,23.6034053475952,32.2953769741566,4.39405274175495,1
JL Jonassen,Australia,44,1449,2213,79,75,18.993021872783,29.9280065641192,3.92107880371066,7
G Wareham,Australia,9,315,447,13,10,17.7962962962963,25.3518518518519,4.28678975857824,0
A Gardner,Australia,19,635,956,21,20,26.4516917293233,36.3772556390977,4.03495244784245,1
DM Kimmince,Australia,5,96,146,7,6,16.35,22.1,3.58681350114416,1
A Shrubsole,England,41,1374,2044,58,138,24.1080795755711,34.2461424622812,4.03072392183687,2
KL Cross,England,19,601,829,22,34,26.7218045112782,36.4601503759398,4.223656945345,1
S Ecclestone,England,11,385,578,14,25,18.2979166666667,27.7895833333333,4.03727712379786,0
LA Marsh,England,30,1045,1590,40,45,27.8420967886793,41.36221675492,4.18948659448741,2
NR Sciver,England,36,798,1105,37,85,15.5344218538663,20.5564191426822,4.51516880771475,0
RP Singh,India,48,2094,2299,63,180,31.699612331027,35.040462832735,5.62195843583526,2
MS Gony,India,2,78,81,2,5,33.5,25.0,5.08451612903226,0
I Sharma,India,77,3596,3834,125,194,29.3850873252111,32.2254646842757,5.70140075941118,9
PP Ojha,India,17,660,882,21,14,33.4200367647059,42.28125,4.71509959579289,1
YK Pathan,India,50,1379,1517,37,53,24.1351249973933,26.1424633817774,5.82779015573277,0
Yuvraj Singh,India,103,2936,3431,84,77,23.0000955143794,28.6881637750549,5.55921892848989,2
Shahadat Hossain,Bangladesh,33,1598,1593,28,154,38.9247439240336,39.779785727745,6.39727806961918,0
Farhad Reza,Bangladesh,25,793,830,15,33,38.1164215686274,36.7772058823529,6.15781236449352,0
Abdur Razzak,Bangladesh,120,4906,6372,174,348,28.2442641396543,36.2410568068811,4.77217238078261,9
Alok Kapali,Bangladesh,15,429,467,12,9,21.6848214285714,21.0410714285714,5.79979083718214,0
CJ McKay,Australia,58,2419,2983,105,155,23.1517834844408,28.9369604954055,4.84629572367711,8
MG Johnson,Australia,146,6038,7645,249,603,25.8603358176111,33.1217801852571,4.72499507282559,15
NM Coulter-Nile,Australia,26,1293,1399,41,54,31.5893874643875,34.5472756410256,5.53739802186021,1
JP Faulkner,Australia,64,2882,3134,105,115,29.9247647171396,31.0109016440024,5.34208365674017,5
GJ Maxwell,Australia,80,2455,2648,52,122,24.1406296705632,30.0456214521547,5.91614076742202,2
MJ Clarke,Australia,76,1507,1832,42,83,14.9301650694451,19.8919982033526,4.99216757122466,0
WB Rankin,England,46,1967,2392,59,193,33.4509134013553,39.8229634501269,4.9916856427716,1
CJ Jordan,England,34,1672,1723,48,171,33.0529780569448,33.7344472862807,5.80626440845363,1
TT Bresnan,England,83,3879,4300,120,229,31.2748163102067,34.5152991896771,5.53825384957627,5
BA Stokes,England,67,2557,2572,64,172,37.0116881714108,36.33442003628,6.02239224413103,3
JE Root,England,54,1165,1256,22,42,25.1012306016787,25.0935576799422,5.7019003534055,0
RS Bopara,England,74,1577,1907,43,112,22.0551806484225,29.2403136470873,5.3565935354507,1
Mohammad Rafique,Bangladesh,29,1059,1535,34,46,19.1724744914992,30.8296240543696,4.23683199212512,1
Aftab Ahmed,Bangladesh,11,159,149,2,5,13.3333333333333,14.7777777777778,7.35613935613936,0
CD Collymore,West Indies,18,624,934,18,60,23.0187934027778,36.3976128472222,3.95379297168341,0
CH Gayle,West Indies,85,2467,3166,73,135,23.5948291594389,32.5229584479578,5.23586714575846,0
Poonam Yadav,India,25,775,1320,38,19,22.915,35.0975,3.64624431517715,1
M Kapp,South Africa,50,1596,2447,71,131,24.3380179449418,37.0645616056561,3.85612404981492,3
A Khaka,South Africa,34,1128,1642,48,101,20.3070450218942,30.7678506985037,4.04333141772796,1
S Luus,South Africa,42,1311,1691,56,46,18.3512239768466,25.8084325514655,4.81715979056737,3
MA Wood,England,34,1678,1843,50,97,32.9712900612362,36.3106662989151,5.46454116029312,3
CR Woakes,England,82,3784,4056,127,142,25.6078482976795,27.7679222057189,5.5309276430166,14
AU Rashid,England,67,3308,3473,103,98,33.6882472510679,36.8612909747077,5.79739562831979,8
LE Plunkett,England,66,3088,3337,108,238,26.7286307773437,28.6700004020001,5.62505909635973,7
MM Ali,England,69,3011,3388,58,93,33.1995890478805,38.1904972606194,5.51753096967544,1
Hasan Ali,Pakistan,32,1622,1643,52,82,39.5780259594453,38.4499242796347,5.84728057602833,5
Yasir Shah,Pakistan,22,1124,1198,24,22,26.3837535014006,30.8781512605042,5.75020122905884,2
Shoaib Malik,Pakistan,110,2822,3384,69,177,21.3788286510309,27.8608246413501,5.31263694384406,1
IK Pathan,India,67,3060,3413,101,202,30.578641922407,34.2691991827825,5.50743667726793,4
P Kumar,India,67,2858,3337,86,193,31.4285419438386,35.8530224237035,5.18563965913102,3
WPUJC Vaas,Sri Lanka,55,1957,2819,67,118,25.3650953612064,39.4955002072059,4.11979205255646,2
MKDI Amerasinghe,Sri Lanka,7,339,391,10,14,23.5333333333333,32.2666666666667,5.31812932855465,1
DW Steyn,South Africa,116,5013,6062,198,366,28.0273623541591,34.1365718508539,4.96984488012472,12
WD Parnell,South Africa,61,2811,3018,105,190,28.9787310371164,31.1698937342074,5.57573609124544,7
RE van der Merwe,South Africa,15,673,804,18,35,30.0342948717949,36.9519871794872,5.18347871231467,0
CK Langeveldt,South Africa,48,2163,2463,73,120,24.4056608011031,28.2025968428589,5.24552890959076,3
JP Duminy,South Africa,118,2772,3107,70,119,16.7759910117073,19.6084134015256,5.87458815652289,2
JH Kallis,South Africa,82,2306,2746,80,125,18.2637790367409,22.5997530804466,5.26059915693605,0
A Nehra,India,48,2172,2255,74,130,31.6963425755162,32.2630184512088,5.68229283876612,4
V Sehwag,India,51,1195,1432,32,60,15.9792634817058,20.7441751062786,5.30176285789172,1
LMM Tahuhu,New Zealand,30,1078,1497,39,70,23.0574476304945,35.3874642284799,4.60848916836119,2
LM Kasperek,New Zealand,16,524,801,21,7,16.9075498575499,29.2888888888889,3.94087955746859,2
SFM Devine,New Zealand,20,486,747,12,55,23.5872762714868,40.611908559277,4.14318681656198,0
HM Rowe,New Zealand,10,236,365,9,24,14.34375,28.75,4.64611037002502,0
AC Kerr,New Zealand,20,737,972,26,27,20.3439548068031,32.1284025571951,4.66394746153554,2
SW Bates,New Zealand,26,836,1015,18,38,22.120858787594,29.8240425281955,5.00085479432955,0
Diana Baig,Pakistan,9,366,455,11,30,28.6269841269841,36.3359788359788,5.22187619009067,1
Kainat Imtiaz,Pakistan,7,310,278,6,19,19.1571428571429,21.7714285714286,7.83392023476057,0
Sana Mir,Pakistan,32,1200,1707,45,53,28.9016174571681,39.9685696570295,4.30961857791658,2
Nashra Sandhu,Pakistan,18,732,979,23,24,30.8799762329174,35.627302436126,4.52301426392516,1
Marina Iqbal,Pakistan,3,62,49,1,2,16.5,15.5,10.9623655913979,0
N Pradeep,Sri Lanka,34,1757,1770,57,102,29.0910394265233,30.1730374587111,5.86558970058486,2
NLTC Perera,Sri Lanka,131,4879,5068,156,166,26.2864485031895,27.7964241266233,6.09188375959827,8
PADLR Sandakan,Sri Lanka,17,862,850,17,46,37.8524886877828,36.8594268476621,6.42073920583862,1
MD Shanaka,Sri Lanka,9,194,201,4,5,6.22222222222222,6.74074074074074,6.37356425251162,0
DM de Silva,Sri Lanka,27,709,831,19,13,11.6711816578483,13.5331216931217,5.19080017263871,0
TG Southee,New Zealand,117,5645,6227,180,338,32.3388645327492,34.8627196123693,5.48819590102521,9
NL McCullum,New Zealand,81,2971,3570,71,57,28.5400991998721,34.4409140829247,5.21739638657186,1
AF Milne,New Zealand,36,1455,1702,40,89,32.7924297027947,39.237704324807,5.36617966248575,0
GD Elliott,New Zealand,53,1132,1238,38,60,16.7576321598387,18.5547740537951,6.06274888032045,1
VD Philander,South Africa,28,1015,1319,42,69,22.3855254658385,31.0102832298137,4.69766816698389,2
K Rabada,South Africa,56,2577,3077,93,257,27.9742207561871,32.3129111168118,5.00814731705883,5
Imran Tahir,South Africa,91,3828,4947,165,111,24.9872360493624,32.1379510269138,4.66589626116335,12
D Wiese,South Africa,6,320,298,11,8,25.9548611111111,21.9131944444444,6.48168831168831,1
F Behardien,South Africa,34,694,716,12,26,24.3159871565113,25.4907942552768,6.2384453735043,0
KAJ Roach,West Indies,74,3165,3805,118,233,26.5432219358156,31.8680732932588,5.1238149048767,7
GC Tonge,West Indies,5,229,307,6,12,5.33333333333333,10.3,4.49118732844804,1
DE Bernard,West Indies,13,458,546,9,53,33.9636363636364,39.0493506493506,5.15609486441778,0
NO Miller,West Indies,35,1303,1591,31,40,33.4408038516189,40.6100978144958,5.10077765806809,2
B Lee,Australia,101,4310,5409,182,408,26.5300033534967,32.1970752478544,4.75431970703974,12
PM Siddle,Australia,19,754,921,20,36,29.78528874269,36.5609466374269,4.85898362429356,0
SR Watson,Australia,123,4092,4861,140,197,26.9934038012067,31.9619327801025,5.06213166958286,3
NM Hauritz,Australia,47,1883,2372,56,107,26.4305480062062,34.0343120405056,4.86412308094961,1
JR Hopes,Australia,73,2374,3072,72,95,25.345826751316,34.9780526788164,4.75530899193608,2
SW Tait,Australia,34,1533,1833,66,255,23.1644752018454,28.5763264129181,5.03153280372495,2
JJ Krejza,Australia,8,340,430,7,18,20.5,26.4,4.72926645487129,0
SPD Smith,Australia,40,985,1081,29,19,16.6062341138186,20.0200664245738,5.90596936025506,0
NW Bracken,Australia,91,3469,4623,146,165,25.6301366976278,34.5114556859841,4.52059535140043,7
GD McGrath,Australia,32,1078,1602,60,43,21.7586107001972,28.6578248274162,3.95162795820703,0
A Symonds,Australia,47,1328,1485,38,74,21.3270034579389,23.5021620206402,5.62407448731091,0
GB Hogg,Australia,49,1768,2334,73,127,23.5017716075867,32.1191152944647,4.60599554970829,3
IDR Bradshaw,West Indies,28,1108,1552,39,107,26.0546417412415,38.0507619428658,4.27528515590845,1
DR Smith,West Indies,48,1555,1833,43,108,19.2127624286601,24.8697235511309,5.29935830799732,3
RR Sarwan,West Indies,12,251,246,10,6,10.5295815295815,11.6652236652237,5.98662853369984,0
Mohammad Irfan,Pakistan,60,2618,3214,88,196,30.9252506386505,37.3144811908512,4.8133099981548,2
Junaid Khan,Pakistan,65,2974,3249,102,184,29.4647108619499,31.7116172178799,5.49938119846656,3
Saeed Ajmal,Pakistan,109,4219,5963,184,247,23.5601765561907,33.4748477860023,4.22868118379815,9
LL Tsotsobe,South Africa,59,2360,2988,102,132,25.3806499038858,32.8433407407303,4.80949398701123,7
RK Kleinveldt,South Africa,9,415,481,12,48,36.8625,42.7212962962963,4.93826823730603,1
RJ Peterson,South Africa,53,2011,2467,69,55,26.8164364873903,31.6190539839293,4.97525220985766,2
R McLaren,South Africa,50,2101,2466,84,171,24.5928854590495,28.0607375932828,5.15426738442481,6
CA Ingram,South Africa,1,17,6,0,0,0.0,0.0,17.0,0
HMRKB Herath,Sri Lanka,62,2249,3036,79,68,26.9796775419336,37.0012007266267,4.6211225192673,1
BMAJ Mendis,Sri Lanka,48,1212,1412,31,36,22.5255103576147,26.7371526781623,5.52811292249847,0
AD Mathews,Sri Lanka,147,3895,4956,130,195,23.2944260505568,29.9325608057161,4.88813781694433,4
DL Vettori,New Zealand,114,4107,6129,159,132,21.9385470840097,33.9526332397984,4.06359436390177,6
CJ Anderson,New Zealand,43,1532,1550,61,96,24.3213789171444,25.0081079908445,6.195267198101,3
Mohammad Naveed,United Arab Emirates,24,1028,1188,27,44,31.0951461988304,35.980990497076,5.2253675075907,0
Amjad Javed,United Arab Emirates,14,570,588,9,33,38.8337971552257,34.9791280148423,5.96550174252315,0
Krishna Chandran,United Arab Emirates,9,369,364,6,5,25.5555555555556,24.8148148148148,6.16606571676589,0
Ahmed Raza,United Arab Emirates,17,589,938,23,37,21.6893493761141,39.1687165775401,3.81046924482659,1
Rohan Mustafa,United Arab Emirates,20,688,890,25,37,24.6952083333333,33.3720833333333,4.98396349539928,2
Rameez Shahzad,United Arab Emirates,1,16,14,0,2,0.0,0.0,6.85714285714286,0
Mohammad Shahzad (2),United Arab Emirates,5,214,232,9,6,29.5111111111111,33.0888888888889,6.13471343245648,1
MA Leask,Scotland,19,608,635,11,22,30.7647058823529,33.4901960784314,6.66267706526361,0
JH Davey,Scotland,21,768,998,39,52,18.1754778101717,26.3611111111111,4.74324222845668,3
SM Sharif,Scotland,24,1007,1193,34,68,28.2723090277778,32.9338831018518,5.0932536407163,1
AC Evans,Scotland,21,949,1028,23,49,30.5055272108844,34.8483371126228,5.69709818209109,1
CD de Lange,Scotland,8,254,342,15,3,15.6666666666667,22.5,4.52797619047619,1
CS MacLeod,Scotland,17,358,425,6,47,11.2380022321429,20.4342912946429,5.24000095455338,0
Sohail Tanvir,Pakistan,59,2618,3088,75,281,32.6034146865052,36.3211185510656,5.16223795078389,6
Abdur Rauf,Pakistan,4,217,224,8,18,14.3333333333333,16.7083333333333,5.7621131173404,0
Umar Gul,Pakistan,107,4627,5319,160,375,28.4238380795354,32.008483341375,5.19643066575213,6
Fawad Alam,Pakistan,13,379,402,6,6,21.9668269230769,30.3028846153846,6.60060468339538,0
LS Baker,West Indies,6,225,275,7,10,30.8888888888889,40.6111111111111,5.72100954600955,0
BP Nash,West Indies,1,33,30,0,0,0.0,0.0,6.6,0
Shoaib Akhtar,Pakistan,34,1525,1783,50,140,30.6081276853836,34.7931466210264,5.28363188322156,3
T Thushara,Sri Lanka,35,1378,1616,50,130,25.5059323972917,30.6245286819594,4.99681200984252,2
BAW Mendis,Sri Lanka,80,3290,4047,147,186,23.6660592781452,28.8412509343776,4.90237085810585,9
CR Seneviratna,Sri Lanka,7,193,343,12,5,14.2222222222222,34.3611111111111,3.61415655519871,1
HASD Siriwardene,Sri Lanka,29,1062,1353,23,51,24.9892827479034,34.1449553001277,5.04388906902213,0
SL Munroe,West Indies,5,167,210,2,25,44.5,55.5,4.86268527492408,0
TD Smartt,West Indies,10,272,454,12,34,22.085,38.49625,3.9378863885792,1
JO Holder,West Indies,89,4059,4454,114,236,33.5314947353719,37.8150124614367,5.65828147887893,5
SP Narine,West Indies,64,2445,3554,99,177,23.6242886805583,35.764073341385,4.34325403349476,6
CR Brathwaite,West Indies,35,1619,1630,45,66,32.4803854875284,32.4512471655329,6.20555353155452,3
KA Pollard,West Indies,74,2051,2173,55,109,26.6512802918808,28.7656310619656,5.90578680646699,0
JR Hazlewood,Australia,41,1761,2231,73,84,26.7512737267001,32.9729000011236,4.67412434368808,5
TM Head,Australia,20,591,632,12,25,17.1943883277217,18.2299663299663,5.95885860529243,0
MR Marsh,Australia,49,1645,1768,44,71,20.0888908450318,23.4494190295397,5.84176123000159,2
A Zampa,Australia,46,2231,2445,71,49,31.919551798175,33.756440691324,5.55244073960182,1
DE Bollinger,Australia,39,1530,2015,65,144,23.9569524740369,29.8435968284472,4.64457256826322,6
MEK Hussey,Australia,9,144,157,1,9,11.0,15.5,6.12645461185359,0
DJ Willey,England,32,1396,1453,40,76,30.557149008903,35.5859862441874,5.71644528924285,1
RJW Topley,England,10,420,483,17,31,25.2666666666667,30.5833333333333,5.47712046099336,1
Anwar Ali,Pakistan,22,953,941,20,23,25.4266998626374,26.2418288308913,6.1644362377567,1
Zafar Gohar,Pakistan,1,56,61,2,3,28.0,30.5,5.50819672131148,0
Iftikhar Ahmed,Pakistan,4,103,140,1,4,8.0,9.0,4.23356060606061,0
Azhar Ali,Pakistan,14,262,264,4,12,3.03846153846154,3.42307692307692,6.80979003452688,0
RA Mair,New Zealand,5,163,198,2,13,6.5,7.33333333333333,4.97813867342434,0
HNK Jensen,New Zealand,6,176,215,4,5,40.0,47.4,5.2557448651745,0
AM Peterson,New Zealand,11,263,383,13,5,19.7272727272727,26.1363636363636,4.15188034188034,1
FH Edwards,West Indies,35,1371,1639,41,194,25.7641631394921,31.6664575527936,5.19276886798862,1
JM Anderson,England,145,6215,7483,214,436,27.5865855836705,33.9585314301301,5.02927954461234,8
AD Mascarenhas,England,20,658,829,13,35,20.4563337703963,28.8073645104895,6.0693924569542,0
GP Swann,England,73,2865,3684,107,101,28.1259259568962,35.8944493414215,4.91307623308553,5
JEC Franklin,New Zealand,61,2055,2391,50,107,27.1296405770318,31.5755935698759,5.49659277446614,0
JDP Oram,New Zealand,71,2238,3140,81,122,19.5251385610284,28.1998770547225,4.58641855676361,3
J Botha,South Africa,69,2783,3601,76,141,31.9660330855904,41.24601341814,4.69796982078754,3
M Morkel,South Africa,108,4653,5709,192,411,26.8319358515988,31.703852530924,4.87749193499752,11
DS Smith,West Indies,2,17,18,0,1,0.0,0.0,5.76923076923077,0
Shapoor Zadran,Afghanistan,23,935,1102,27,53,24.2206439393939,29.6943918350168,5.10340393687893,1
Dawlat Zadran,Afghanistan,55,2453,2715,84,184,27.2539370528651,30.5611339362113,5.43428185940276,2
Gulbadin Naib,Afghanistan,38,1313,1466,43,69,23.9195498219391,29.3200364565763,5.52582714751615,2
Karim Sadiq,Afghanistan,6,98,146,2,6,11.0,18.0,4.13664874551971,0
Javed Ahmadi,Afghanistan,11,167,218,2,1,6.07407407407407,8.88888888888889,4.94603672189879,0
Samiullah Shenwari,Afghanistan,36,881,988,15,24,35.4146251475797,45.3135068214614,5.82258307892596,0
Mohammad Nabi,Afghanistan,69,2518,3387,78,96,26.9161877427749,37.3278399305778,4.47680751656835,2
JL Pattinson,Australia,15,699,763,16,57,29.7128427128427,32.5750360750361,5.65994949884723,1
MA Starc,Australia,84,3670,4439,177,336,23.5374611942534,28.0029463686801,4.91219339612335,18
XJ Doherty,Australia,56,2246,2820,64,58,27.286959925565,35.7451911856705,4.92087990206324,3
DJ Hussey,Australia,38,702,803,19,27,9.96826745609707,14.7213138594984,5.27813065678314,2
A Flintoff,England,38,1433,1930,72,152,20.9221841660365,28.7695599203984,4.38158428350917,7
SJ Harmison,England,19,875,940,23,100,21.6775868242034,24.1509129967777,5.69919447580666,0
KP Pietersen,England,21,346,391,8,18,7.3906570353836,9.0831535218254,5.59005117116572,0
OA Shah,England,10,184,199,7,8,11.7037037037037,14.4444444444444,6.06450163871216,0
NJ Carey,Australia,4,96,164,3,5,22.75,43.0,3.75535714285714,0
WGAKK Kulasuriya,Sri Lanka,8,264,309,6,11,13.4340277777778,15.9739583333333,5.06653057094483,1
BMSM Kumari,Sri Lanka,10,320,364,6,11,12.4444444444444,14.6296296296296,5.75918246370435,0
OU Ranasinghe,Sri Lanka,13,432,443,13,9,24.1322751322751,24.0818070818071,6.00241664098627,0
Z Khan,India,94,4253,5023,153,355,28.1078615036638,34.3179447437911,5.10036910568649,7
S Tyagi,India,4,146,169,4,6,23.75,31.875,5.05612244897959,0
V Shankar,India,9,212,241,4,10,2.46296296296296,3.01851851851852,5.87287596637192,0
KM Jadhav,India,27,598,659,17,26,13.6190205672912,16.9685213032582,5.84638007831827,0
YS Chahal,India,21,1012,1138,41,41,27.4282106782107,31.9844877344877,5.5384652781482,2
JA Richardson,Australia,9,431,497,17,23,29.3125,33.8020833333333,5.18313398963597,1
B Stanlake,Australia,3,118,142,1,5,27.5,31.0,4.85443513596259,0
MP Stoinis,Australia,23,766,770,19,47,35.992683531746,35.8255621693122,6.27578710077478,0
Sohag Gazi,Bangladesh,19,736,942,24,38,31.2054924242424,37.9311868686869,4.41386775476049,1
Al-Amin Hossain,Bangladesh,15,621,681,25,35,27.7133333333333,30.6155555555555,5.61131499287894,2
Mominul Haque,Bangladesh,11,175,217,8,3,6.85185185185185,10.0740740740741,6.78387723387723,0
Fatima Sana,Pakistan,2,39,25,1,1,23.0,19.0,11.6315789473684,0
Aliya Riaz,Pakistan,14,414,463,6,22,15.3833333333333,16.3666666666667,5.17819846584494,0
Nida Dar,Pakistan,22,752,932,14,22,20.2989523809524,31.9279327731092,4.89682522918809,0
CL Tryon,South Africa,18,502,660,9,33,15.6038415366147,22.4225690276111,5.13052268611335,0
S Randiv,Sri Lanka,29,1240,1447,38,37,26.7915764425633,30.098239863207,5.25332013763877,1
PP Chawla,India,25,1131,1330,33,40,25.0276456876457,27.767365967366,5.29896383396223,2
RG Sharma,India,38,520,597,10,9,6.88877311206504,7.74962648984388,5.49607299983706,0
UT Yadav,India,68,3301,3392,107,227,29.2201738554242,30.1125923061534,5.92214266864902,5
R Ashwin,India,109,5015,6136,162,219,29.0016635047685,36.0351601138232,4.94949128237007,4
STR Binny,India,12,440,503,21,14,19.9888888888889,24.0083333333333,5.31257969729527,1
V Kohli,India,47,654,638,6,19,8.42469460688759,8.28573099415205,6.61713540614799,0
Mustafizur Rahman,Bangladesh,39,1928,2051,83,116,25.3876160592375,26.6638182849411,5.61843407172282,7
Rubel Hossain,Bangladesh,78,3557,3683,101,204,34.3957986869612,36.3219951994517,5.93217184022133,7
Nasir Hossain,Bangladesh,38,866,1112,23,16,18.9580758096054,23.3328453020993,4.94014841533744,0
KJ Abbott,South Africa,27,1063,1336,35,45,25.0181466666667,30.6956,4.79249277615437,2
CT Tremlett,England,12,612,671,10,52,33.4238095238095,49.3,5.61737085773951,0
LJ Wright,England,36,910,1050,17,49,19.435829936229,26.3888520391465,5.76643514874154,0
KD Mills,New Zealand,106,4171,5242,168,160,26.5491717241514,32.9573779445911,4.89928094350558,8
MR Gillespie,New Zealand,26,1221,1342,31,104,22.8974545454545,27.1627359307359,5.84770209820705,0
SB Styris,New Zealand,60,1667,2002,39,73,25.5039006614091,31.5247877589598,5.32418328011179,2
Abul Hasan,Bangladesh,6,220,197,0,6,0.0,0.0,7.31117061369901,0
Taijul Islam,Bangladesh,9,341,514,13,8,21.7037037037037,33.0555555555556,3.89382150515589,1
Jubair Hossain,Bangladesh,3,115,115,4,2,20.75,21.25,6.11193693693694,0
T Panyangara,Zimbabwe,39,1998,2115,43,109,36.798302575664,39.0576105446079,5.6863349281455,0
TL Chatara,Zimbabwe,47,2060,2524,69,197,26.8772409011225,33.3650095674692,4.94762386521588,2
T Kamungozi,Zimbabwe,13,554,640,12,10,27.9619047619048,36.1190476190476,5.86418727642381,0
SF Mire,Zimbabwe,19,523,531,13,34,11.5803921568627,13.856862745098,6.81285061045449,1
CK Kapugedera,Sri Lanka,10,226,271,2,8,12.45,15.25,5.22101125048494,0
ST Finn,England,67,3048,3643,111,151,28.6889241673927,34.1176483192564,5.21579967748564,6
CS Martin,New Zealand,10,416,518,7,18,35.9071428571429,36.1714285714286,4.86243913459812,0
JS Patel,New Zealand,35,1453,1733,43,48,28.2189612611892,34.7235013909885,5.14601029303794,0
JD Ryder,New Zealand,16,357,359,11,23,14.1205357142857,13.225,6.43395327755154,0
RJ Sidebottom,England,22,974,1182,25,85,31.433977786919,38.1990264637323,5.0869382412697,0
GD Drummond,Scotland,7,246,299,4,16,36.3571428571428,43.5714285714286,4.92640541883104,0
MA Parker,Scotland,2,49,66,3,4,19.75,21.0,6.1875,0
RT Lyons,Scotland,2,57,116,2,2,28.5,58.0,2.87275985663082,0
RD Berrington,Scotland,25,574,678,17,26,22.9635823567708,28.7515462239583,5.69164963625932,1
RM Haq,Scotland,23,837,1073,29,30,27.1946302489781,34.7929499847978,5.00416955119546,1
Mirwais Ashraf,Afghanistan,29,919,1374,37,37,23.2028419856006,36.2456043956044,4.03610157775359,1
Hamid Hassan,Afghanistan,19,720,879,27,61,32.5434210526316,37.4884868421053,4.80948310285952,1
Nawroz Mangal,Afghanistan,5,49,42,2,1,5.33333333333333,4.0,7.75368421052632,0
WK Dilhari,Sri Lanka,2,69,105,3,1,11.3333333333333,20.3333333333333,4.05849478390462,0
TS Sekhukhune,South Africa,8,289,438,9,28,25.4340277777778,36.8263888888889,3.89533352634079,0
M Klaas,South Africa,26,818,1043,33,81,25.6477303333921,32.3218371701827,4.9338089091796,1
N de Klerk,South Africa,7,157,246,7,9,11.5714285714286,20.6,4.83786089686711,0
Mohammad Nawaz (3),Pakistan,10,390,434,12,9,22.2305555555556,24.6555555555556,5.49597584928733,1
LA Dawson,England,1,70,48,2,0,35.0,24.0,8.75,0
RJ Harris,Australia,20,853,1051,46,45,27.1727777777778,31.2122222222222,4.91656655840268,3
PRCS Kumarihami,Sri Lanka,11,202,260,3,0,16.75,29.25,6.23246753246753,0
Aiman Anwer,Pakistan,5,133,186,3,11,18.6,23.6,4.40820015814765,0
Javeria Khan,Pakistan,8,160,193,4,8,10.2142857142857,12.1071428571429,5.89689026106058,0
Ghulam Fatima,Pakistan,3,109,153,6,6,25.4444444444444,31.5,4.33970398970399,0
Bismah Maroof,Pakistan,22,366,490,8,24,5.13406593406593,9.201998001998,4.70430536515021,1
LM Jongwe,Zimbabwe,20,709,841,24,51,23.4537455563823,29.1808247561177,5.19370652780086,1
T Muzarabani,Zimbabwe,8,266,328,9,9,27.3571428571429,27.6428571428571,4.8774221162673,1
WP Masakadza,Zimbabwe,8,302,417,12,7,28.15625,40.53125,4.25497374356386,1
AG Cremer,Zimbabwe,68,2580,3210,75,96,24.3376160549747,32.589931629127,5.11967763919594,3
Sikandar Raza,Zimbabwe,54,1701,2054,36,83,28.3351590633842,38.3406938083411,5.29702763801308,2
Amir Hamza,Afghanistan,24,798,1176,27,16,19.5281910009183,30.4424242424242,4.09775888959392,1
Yamin Ahmadzai,Afghanistan,4,142,172,4,16,22.0,28.8125,4.24846471358099,0
HR Huddleston,New Zealand,16,496,683,23,26,17.5955295138889,23.798046875,4.39821750564378,2
D Hemalatha,India,3,49,42,0,0,0.0,0.0,7.27777777777778,0
Kamran Shazad,United Arab Emirates,2,104,105,4,7,37.0,33.8333333333333,6.02295918367347,0
Mohammad Tauqir,United Arab Emirates,9,311,376,9,13,29.6614583333333,36.4947916666667,5.10933832052444,0
Fahad Alhashmi,United Arab Emirates,3,106,116,2,13,6.66666666666667,6.0,5.42222222222222,0
Khurram Khan,United Arab Emirates,7,292,302,6,5,12.0,12.202380952381,6.01401899557637,0
Shaiman Anwar,United Arab Emirates,2,14,15,2,0,2.5,2.75,5.72727272727273,0
AB de Villiers,South Africa,9,205,201,7,17,25.1925925925926,24.2666666666667,6.147731739837,0
R Vinay Kumar,India,31,1448,1459,46,49,32.2524670123012,31.5852502198915,5.94308210927015,3
DT Christian,Australia,19,605,739,21,23,18.9349827999382,24.9510716218305,4.95090825575112,1
Naveen-ul-Haq,Afghanistan,4,209,220,8,17,33.8125,37.75,5.61837716176571,1
Rashid Khan,Afghanistan,41,1611,2208,79,76,22.3490391540075,32.8386924671477,4.38770140025883,5
Taskin Ahmed,Bangladesh,28,1225,1314,47,83,21.2473196248196,23.5508370310245,5.65266409689204,3
HH Pandya,India,28,1237,1383,34,82,24.9421662804316,28.8243122523735,5.46492764902364,0
JJ Bumrah,India,36,1687,2029,56,172,24.3901517743113,31.1417111384784,4.95290639713809,3
AR Patel,India,27,1067,1457,36,25,30.3421728395062,41.9411623931624,4.43521432460625,0
AP Devcich,New Zealand,11,295,335,5,19,39.4625,48.2,5.93914735623067,0
MJ Guptill,New Zealand,11,100,116,4,9,3.16666666666667,6.16666666666667,5.80028990617226,0
GJ Batty,England,2,72,78,1,0,17.0,21.0,5.5952380952381,0
D Langford-Smith,Ireland,10,362,489,10,41,26.528125,39.14375,5.11808332337829,0
AC Botha,Ireland,13,424,597,16,12,22.01998001998,31.2687312687313,4.39859468488501,0
JF Mooney,Ireland,33,1157,1292,38,83,23.8278083983122,27.022809696507,5.77866131494009,2
WK McCallan,Ireland,14,425,612,14,19,21.8855905998763,37.8903834260977,4.28135296319706,0
KJ O'Brien,Ireland,66,2158,2348,66,122,21.1292188088547,23.1837228087692,5.46675327418847,5
AR White,Ireland,16,253,328,10,10,6.18669871794872,9.30288461538462,5.07517857142857,0
SS Connell,West Indies,13,376,438,5,28,18.5333333333333,29.0962962962963,5.44105207017859,0
HK Matthews,West Indies,16,545,646,20,14,18.7684337797619,24.1535119047619,5.96276820148179,1
SL Quintyne,West Indies,7,176,260,9,9,15.7857142857143,24.6190476190476,5.34059929141896,0
JL Hunter,Australia,11,257,389,8,19,24.1010101010101,33.7676767676768,4.01149886072937,0
EA Osborne,Australia,23,769,1026,35,22,21.1153042738835,27.2299338213546,4.59807715232088,2
KM Beams,Australia,21,677,1075,35,18,20.3699633699634,32.1411477411477,4.05364493385344,2
EC Rainsford,Zimbabwe,17,620,810,13,57,31.3250466853408,38.0663515406163,4.68526581107322,0
AJ Ireland,Zimbabwe,10,433,478,10,44,29.63125,33.05625,5.63161443288067,0
TJ Murtagh,Ireland,42,1783,2242,52,59,28.3000476035608,38.3024687213039,4.77874395379364,2
BJ McCarthy,Ireland,18,912,878,30,47,31.896164021164,30.8174603174603,6.39715585616073,2
PKD Chase,Ireland,16,967,864,23,66,46.6653645833333,40.1393229166667,6.89885942508381,0
AR McBrine,Ireland,31,1226,1632,39,21,25.9311210426533,34.7868008852716,4.85788494140506,0
PR Stirling,Ireland,50,1405,1717,35,67,16.9710371808818,23.5994365584051,5.15598150847146,1
AC Cummins,Canada,4,181,203,4,28,37.4375,39.8125,5.00300622394102,0
U Bhatti,Canada,11,350,516,12,34,12.978354978355,24.6796536796537,4.53014574569942,0
JM Davison,Canada,9,324,372,8,8,19.6931216931217,22.6666666666667,5.09263000176274,0
AM Samad,Canada,4,93,69,2,12,31.75,28.75,9.36079545454546,0
GR Codrington,Canada,6,267,307,9,11,37.1111111111111,36.8333333333333,5.2877276867031,1
S Dhaniram,Canada,11,408,552,23,9,10.9935465768799,17.4953703703704,4.31585065186822,2
MS Panesar,England,26,1000,1314,30,33,32.2646604938272,43.9480218855219,4.86723338137272,0
Sabbir Rahman,Bangladesh,19,330,295,3,6,10.6861111111111,9.4,7.82350877192983,0
RAS Lakmal,Sri Lanka,66,2875,3126,90,193,29.2779414114288,31.431343737273,5.47921703844774,2
AJ Finch,Australia,17,217,243,5,3,8.06573426573427,10.9118881118881,5.57254901960784,0
MR Adair,Ireland,12,606,579,18,33,38.875,38.0729166666667,6.55994272771424,2
Mujeeb Ur Rahman,Afghanistan,16,586,862,19,34,25.2321428571429,36.0211038961039,4.34927789082773,0
Aftab Alam,Afghanistan,14,560,677,32,41,21.1777210884354,24.1649659863946,4.86137165467598,2
Rahmat Shah,Afghanistan,15,328,349,11,16,20.2891666666667,28.9275,6.5591015933255,1
Afzaal Haider,Hong Kong,2,123,81,2,3,61.5,40.5,9.4,0
Irfan Ahmed,Hong Kong,3,145,154,4,9,14.6666666666667,19.5,6.04829419583518,0
JPR Lamsam,Hong Kong,1,27,12,0,0,0.0,0.0,13.5,0
Nadeem Ahmed,Hong Kong,11,426,568,21,15,17.05,24.9636363636364,4.59618969864872,4
Najeeb Amar,Hong Kong,2,75,120,3,0,13.3333333333333,20.0,3.75,0
Munir Dar,Hong Kong,2,90,108,1,1,17.5,24.0,4.9375,0
Skhawat Ali,Hong Kong,1,71,49,0,4,0.0,0.0,8.69387755102041,0
CRD Fernando,Sri Lanka,59,2487,2931,87,239,27.3438373197509,30.5942568455392,5.104420525994,3
JC Tredwell,England,44,1696,2110,64,38,23.191465648173,31.1154419571985,5.01852828015145,5
CB Mpofu,Zimbabwe,61,2728,3016,71,210,29.7808037877519,34.9179684313746,5.47632086855378,2
SC Williams,Zimbabwe,81,2561,3144,64,118,20.9722271419011,27.0991515554691,5.41182484852964,1
MN Waller,Zimbabwe,27,506,596,10,18,22.8489795918367,28.5085714285714,5.42153906669419,0
AM Fernando,Sri Lanka,1,22,12,0,0,0.0,0.0,11.0,0
DAS Gunaratne,Sri Lanka,20,610,731,21,11,27.8385167464115,33.5185406698565,5.10199694306516,0
PWH de Silva,Sri Lanka,10,403,459,19,17,24.5333333333333,28.9333333333333,5.40427064979581,0
MD Gunathilaka,Sri Lanka,16,282,290,6,4,7.51444444444445,7.70222222222222,6.40743315768931,0
BB Sran,India,6,275,317,8,21,25.5,28.05,5.16651435687755,0
DS Kulkarni,India,12,527,627,20,52,32.6527777777778,36.9583333333333,5.05382795347507,1
AC Voges,Australia,13,240,247,6,11,22.4,24.4,5.88653350784864,0
PJ Cummins,Australia,53,2464,2839,99,176,30.3705457068909,33.8036258195482,5.22043881851286,6
GS Sandhu,Australia,2,108,123,3,6,41.5,46.5,5.26190476190476,0
MC Henriques,Australia,10,313,359,9,14,33.36875,39.0,5.34289034443485,0
HHC Gunaratne,Sri Lanka,4,169,205,8,9,13.55,18.575,4.92165367435975,1
HAM Samuddika,Sri Lanka,7,214,332,4,13,13.1,19.0,3.89637188208617,0
Y Potgieter,South Africa,2,38,44,1,7,8.5,12.5,5.35578947368421,0
L Lee,South Africa,2,46,74,2,7,3.75,9.25,3.72972972972973,0
BV Vitori,Zimbabwe,20,1026,1063,33,77,32.9526522187822,32.7437977296182,5.86766944468378,2
N Madziva,Zimbabwe,12,527,548,20,41,25.4376623376623,25.7770562770563,5.7123523171022,1
J Nyumbu,Zimbabwe,18,743,863,19,31,31.5415695415695,38.1994301994302,5.42234605407989,0
AM Phangiso,South Africa,21,847,1103,30,44,28.9474206349206,37.3561507936508,4.58284962423585,0
AM Blignaut,Zimbabwe,3,42,80,1,2,7.33333333333333,20.6666666666667,4.87634408602151,0
GA Lamb,Zimbabwe,15,474,659,15,30,20.4939814814815,29.5476851851852,4.70878010269413,0
JD Unadkat,India,7,215,314,9,8,21.8666666666667,37.6666666666667,4.10625411454905,1
MT Chinouya,Zimbabwe,2,50,68,1,2,36.0,44.0,4.20454545454546,0
Mehedi Hasan Miraz,Bangladesh,24,1042,1239,25,20,32.9327922077922,42.0544372294372,5.0393780738409,0
Mosaddek Hossain,Bangladesh,28,712,797,16,31,12.9600540021077,18.4161069886044,5.62901830741475,0
MDK Perera,Sri Lanka,9,388,448,13,22,30.5462962962963,31.6944444444444,5.17694925085564,0
S Prasanna,Sri Lanka,36,1675,1850,32,53,31.8116775158339,39.7712029929752,5.47055565276156,0
TAM Siriwardana,Sri Lanka,13,324,347,8,10,16.7167832167832,16.2447552447553,5.85650183150183,0
HK Bennett,New Zealand,18,838,934,37,70,25.0422222222222,25.8522222222222,5.31266543076167,4
LJ Woodcock,New Zealand,4,156,166,3,3,16.375,19.25,6.1,0
JW Dernbach,England,24,1346,1282,31,101,33.7924733796296,34.497875,6.40215208130929,1
JW Hastings,Australia,29,1271,1532,44,69,23.1362557587603,30.4391822204241,5.08297233005598,2
AC Agar,Australia,6,268,290,4,8,36.1,44.8,5.74690553071701,0
Kamran Hussain,Pakistan,2,70,103,4,4,17.5,25.75,4.15456674473068,0
Sohail Khan,Pakistan,13,611,691,19,39,37.052380952381,39.7765873015873,5.32044634710947,1
H Masakadza,Zimbabwe,60,1155,1255,22,45,13.6421728306262,16.1101600820543,5.9901134912471,0
DT Tiripano,Zimbabwe,21,799,861,25,31,25.8128759398496,27.9590538847118,5.59017397724851,2
M Vijay,India,2,38,38,1,3,9.5,10.0,6.01666666666667,0
MA Aponso,Sri Lanka,6,262,320,7,13,18.0625,36.21875,5.05864247950843,1
ST Gabriel,West Indies,22,994,1051,33,81,26.8377551020408,31.4743764172335,5.88119983647248,0
D Bishoo,West Indies,28,1143,1457,32,27,29.3160018993352,38.0196222988621,4.94058151656682,0
V Permaul,West Indies,7,277,337,8,12,17.8333333333333,23.3571428571429,5.36642541833283,0
AR Nurse,West Indies,28,1224,1386,34,33,32.4990668673432,38.1844627083443,5.63774646964471,2
JN Mohammed,West Indies,5,104,120,0,1,0.0,0.0,6.18333333333333,0
T Maruma,Zimbabwe,8,204,217,6,5,16.9166666666667,21.4166666666667,6.98358286252354,0
NM Lyon,Australia,27,1288,1538,28,41,39.9224944406104,50.9102254428341,5.13941417437636,1
Mohammad Abbas,Pakistan,3,158,167,1,10,46.0,60.0,5.65906007751938,0
Faheem Ashraf,Pakistan,6,343,335,3,14,60.8,56.6,6.07376041126725,0
MA Carberry,England,1,12,6,0,0,0.0,0.0,12.0,0
DT Johnston,Ireland,33,1154,1556,42,83,23.8385324186782,32.4361459972166,4.31190861969696,1
MC Sorensen,Ireland,10,454,467,12,39,23.375,23.525,6.1266979543159,1
GH Dockrell,Ireland,60,2343,2948,61,100,26.7650343423709,33.9632252521799,4.90845571516097,2
Aamer Yamin,Pakistan,3,90,107,1,6,19.5,16.5,5.13264221158958,0
RP Arnold,Sri Lanka,6,86,98,3,2,11.75,14.125,5.91695906432749,0
ML Cummins,West Indies,6,277,329,5,21,38.25,49.375,5.24101079923661,0
AS Joseph,West Indies,23,1165,1255,43,64,31.2208110516934,32.0636363636364,5.60259368088511,4
RL Chase,West Indies,20,627,784,14,23,22.0,31.8018575851393,5.9530685761663,0
JL Carter,West Indies,12,162,143,4,9,8.58024691358025,6.55555555555556,7.02207602339181,0
TS Chisoro,Zimbabwe,9,288,428,11,13,14.1666666666667,21.625,3.97468241377284,0
JJ van der Wath,South Africa,10,566,541,19,29,37.3333333333333,32.9666666666667,6.15984988796804,0
M Zondeki,South Africa,4,214,194,3,17,43.0,42.0,7.03104905929983,0
AJ Hall,South Africa,32,1314,1688,56,66,31.1804485795454,34.2756726641414,4.64173565622978,5
GC Smith,South Africa,25,609,716,18,31,31.0625425883549,38.362944317315,5.40522773187146,1
SR Clark,Australia,34,1333,1659,46,92,28.5232119514473,36.7881637099284,4.90852697202154,1
BA Langston,England,3,70,138,2,13,27.3333333333333,58.0,3.05925925925926,0
D Hazell,England,23,839,1252,30,57,28.179307568438,41.9618760064412,4.01773419305741,0
HC Knight,England,27,755,997,35,37,18.871605970519,24.7469651926174,4.75627757525598,1
A Hartley,England,15,492,734,19,17,23.6515151515151,39.3037037037037,4.00880766746315,1
KADA Kanchana,Sri Lanka,14,408,425,12,35,18.473544973545,19.2976190476191,6.00095937787024,0
NND de Silva,Sri Lanka,6,147,150,2,17,22.9166666666667,27.3333333333333,5.9184562902984,0
H Karunaratne,Sri Lanka,5,88,94,2,6,12.2,12.6,6.54977375565611,0
AJ McKay,New Zealand,19,819,973,28,76,26.6524352840142,33.1853146853147,5.1229855954802,2
Nazmul Hossain,Bangladesh,17,599,740,20,18,25.6602564102564,28.8525641025641,4.76583119369278,0
I Udana,Sri Lanka,18,815,809,22,31,33.7445751633987,33.5970868347339,6.05876928630509,1
SS Cottrell,West Indies,29,1429,1482,47,84,30.7000398624217,31.3509607549167,5.72029210965097,3
KMA Paul,West Indies,8,392,388,14,32,24.952380952381,25.8571428571429,6.22905370685814,0
HR Walsh,West Indies,10,343,380,13,16,16.175,18.1666666666667,6.04572525784508,1
KTGD Prasad,Sri Lanka,22,938,971,31,54,31.1899938296997,31.8658919511861,5.8740091198824,1
SE Bond,New Zealand,43,1758,2487,80,144,24.2847131676071,33.8741790729737,4.23545052648298,4
B Laughlin,Australia,5,221,229,4,7,46.0,48.0,5.74020171709594,0
EJ Richardson,Ireland,1,15,18,0,0,0.0,0.0,5.0,0
I Wardlaw,Scotland,14,679,718,22,37,33.2548500881834,34.0,5.9046347543854,1
RML Taylor,Scotland,10,414,462,11,35,37.5555555555556,43.2083333333333,5.74653716198226,0
MW Machan,Scotland,9,223,226,4,10,30.4444444444444,35.2222222222222,6.12038005218333,0
CA Young,Ireland,12,618,711,27,47,30.8527777777778,34.9694444444444,5.30907692602058,1
AR Cusack,Ireland,29,947,1117,37,72,19.8077966029517,24.6249613288594,5.38168286028091,1
SN Thakur,India,6,396,325,6,23,63.8888888888889,51.7222222222222,7.35477471162657,0
NA Saini,India,5,305,295,6,11,46.6,48.7,6.2613505267868,0
KA Jamieson,New Zealand,2,95,121,3,1,37.0,45.5,4.70655737704918,0
MS Dhoni,India,2,32,38,1,3,7.5,6.5,5.50153846153846,0
MJG Nielsen,New Zealand,17,491,750,23,34,15.9196078431373,27.1032679738562,3.9751386903473,2
TMM Newton,New Zealand,7,187,250,4,17,30.5,42.8333333333333,4.37873106623107,0
AE Satterthwaite,New Zealand,22,577,790,20,12,21.7664444444444,27.6168148148148,5.51224319042365,1
Asmavia Iqbal,Pakistan,22,947,1045,26,56,28.9195804195804,31.0198135198135,5.35411930345205,0
Sadia Yousuf,Pakistan,21,823,1097,30,21,16.2388627819549,24.7909395885547,4.823877542706,1
CH Morris,South Africa,35,1585,1747,49,102,28.1701054449703,31.3337556814223,5.48775637318782,2
CA Henry,West Indies,4,86,91,1,8,9.33333333333333,11.3333333333333,6.26207983193277,0
ASS Fletcher,West Indies,15,498,673,20,20,27.2476388888889,36.8435416666667,5.11995574241497,0
KC Brathwaite,West Indies,5,141,153,1,2,14.0,15.25,5.75997267759563,0
Usman Shinwari,Pakistan,8,369,422,16,19,24.1785714285714,28.4571428571429,5.26674047229828,3
BE Hendricks,South Africa,5,211,242,5,8,28.9166666666667,31.4166666666667,5.15309114848285,0
AL Phehlukwayo,South Africa,38,1532,1683,47,103,32.6080455304593,34.6696778384619,5.56938064215631,2
RR Hendricks,South Africa,3,47,42,1,0,6.5,9.0,7.11111111111111,0
HF Gurney,England,10,442,480,11,36,28.6380208333333,27.8723958333333,5.45085585161973,1
PJ Ongondo,Kenya,19,649,860,28,54,23.2540935672515,34.0656067251462,4.93494358291792,1
NN Odhiambo,Kenya,22,883,936,24,78,33.3744201271979,36.4101103628881,5.81648051343313,0
RL Bhudia,Kenya,1,23,48,1,0,23.0,48.0,2.875,0
CO Obuya,Kenya,12,237,265,4,21,6.775,6.09166666666667,7.54166518928814,0
SO Tikolo,Kenya,17,634,744,15,37,38.0663375839846,44.041958041958,5.49373681914334,1
JK Kamande,Kenya,17,583,681,13,52,29.1657754010695,35.4812834224599,5.82476973777932,0
DR Tuffey,New Zealand,18,846,887,23,35,29.8440329218107,30.8793209876543,5.71715189605369,1
SHT Kandamby,Sri Lanka,9,175,177,2,5,6.16666666666667,7.0,5.67193121693122,0
KS Lokuarachchi,Sri Lanka,6,233,295,8,3,32.25,40.1666666666667,4.4865990990991,0
Kuldeep Yadav,India,31,1546,1737,47,33,33.8413179056486,35.9039997410409,5.13241118018544,3
RV Uthappa,India,1,0,2,0,0,0.0,0.0,0.0,0
Parvez Rasool,India,1,60,61,2,1,30.0,30.5,5.9016393442623,0
Ziaur Rahman,Bangladesh,11,313,397,10,23,24.2068571428571,28.9725714285714,4.80937346261526,1
KM Jarvis,Zimbabwe,27,1256,1392,35,62,32.2528015194682,37.7369895536562,5.5589938578854,1
RP Burl,Zimbabwe,6,111,109,2,1,6.0,7.6,5.70833333333333,0
Sultan Ahmed (2),United Arab Emirates,2,58,72,0,0,0.0,0.0,4.83333333333333,0
Zahoor Khan,United Arab Emirates,10,333,387,22,19,22.1833333333333,26.1,5.30752943992845,1
Imran Haider,United Arab Emirates,12,445,562,21,32,19.9938271604938,24.3842592592593,5.67339785994646,1
T Mupariwa,Zimbabwe,23,995,1149,31,65,27.5867424242424,33.9034090909091,5.22826751728078,2
A Nel,South Africa,35,1346,1788,58,104,25.1657421589431,31.6385590272809,4.59253046942315,4
R Telemachus,South Africa,4,222,236,8,29,33.7916666666667,33.7916666666667,5.53517864623855,0
JM Kemp,South Africa,20,303,361,11,20,3.2037037037037,4.39197530864198,5.75527686150861,0
Qadeer Ahmed,United Arab Emirates,5,166,191,3,6,23.25,31.25,5.326,0
BTJ Wheal,Scotland,6,276,324,10,10,33.3333333333333,38.3611111111111,5.11926431863068,0
CB Sole,Scotland,7,263,353,12,41,19.8857142857143,25.3619047619048,4.5832500295042,1
MRJ Watt,Scotland,13,491,700,18,18,26.7109375,39.9678819444444,4.25211837342985,1
Shamsur Rahman,Bangladesh,1,13,6,0,0,0.0,0.0,13.0,0
SHA Rance,New Zealand,2,110,107,1,2,22.0,26.0,6.13846153846154,0
NJ Astle,New Zealand,9,136,155,3,6,12.6,14.6,4.95671834625323,0
BW Hilfenhaus,Australia,25,1092,1275,33,86,30.570275689223,34.9731710227951,5.25371230450698,1
AB Agarkar,India,36,1580,1949,54,138,26.0516212328615,32.0903293046652,4.93656066145927,1
RR Powar,India,25,1077,1380,33,52,27.3833257918552,37.5770814479638,4.81125989092103,1
Mohammed Siraj,India,1,79,63,0,6,0.0,0.0,7.52380952380952,0
JP Behrendorff,Australia,11,529,602,16,23,36.3038961038961,37.8147186147186,5.3389518398986,1
D Devnarain,South Africa,4,69,58,0,5,0.0,0.0,8.53392857142857,0
MJ Hoggard,England,1,59,50,0,4,0.0,0.0,7.08,0
ID Blackwell,England,5,195,298,4,11,23.875,37.5,3.93971796227745,0
VS Solanki,England,4,68,72,1,7,8.5,10.5,5.98035714285714,0
VRV Singh,India,2,106,81,0,11,0.0,0.0,7.5625,0
Izatullah Dawlatzai,Afghanistan,2,59,90,1,1,9.5,15.0,3.9,0
TM Odoyo,Kenya,24,767,1041,31,91,23.3399706910736,29.8441005073358,4.35667593928953,2
LN Onyango,Kenya,8,214,254,9,6,26.7083333333333,24.875,5.02184619815668,0
HA Varaiya,Kenya,15,553,685,18,20,31.0959595959596,40.5660173160173,5.22769124010942,0
KAD Hurdle,Bermuda,9,400,495,17,67,29.3740740740741,34.1814814814815,5.27515265598675,1
MO Jones,Bermuda,6,265,280,6,18,29.6666666666667,30.8611111111111,5.7548968379878,0
RDM Leverock,Bermuda,12,448,607,13,12,26.8194444444444,33.6666666666667,4.38495670995671,0
JJ Tucker,Bermuda,9,261,311,3,10,4.8,8.6,5.31080699467796,0
RJ Trott,Bermuda,4,158,193,9,4,23.5416666666667,29.5416666666667,5.05999188311688,1
SR Patel,England,31,1082,1149,23,22,21.5739703212367,22.3977981716213,6.14854621259602,1
Enamul Haque jnr,Bangladesh,7,297,398,11,7,19.2,25.1285714285714,4.40343385428131,0
S Matsikenyeri,Zimbabwe,12,141,198,6,11,11.3650793650794,15.4246031746032,4.84442499704597,0
D Pretorius,South Africa,18,632,787,23,13,19.475,26.6261965811966,4.76546439725767,0
JT Ball,England,14,744,761,21,41,21.0119047619048,23.3214285714286,5.7208555814937,1
PJC Hoffmann,Scotland,5,177,196,1,7,58.0,62.0,5.69877112135177,0
JAR Blain,Scotland,10,357,439,17,27,17.2416666666667,21.5541666666667,5.18668369350654,1
CM Wright,Scotland,7,230,317,8,18,35.6666666666667,44.6904761904762,4.44300185857563,0
DR Brown,Scotland,4,163,140,3,7,63.3333333333333,45.3333333333333,7.33035714285714,0
GA Rogers,Scotland,4,138,154,5,2,39.75,41.8333333333333,5.52357293868922,0
BJ Hodge,Australia,3,51,66,1,0,17.0,36.0,5.72222222222222,0
AM Ellis,New Zealand,13,433,494,14,22,31.0983796296296,35.2893518518519,5.36655766557486,0
RJ Nicol,New Zealand,17,332,347,10,11,13.8956473214286,14.9497767857143,5.92698172555857,1
DR Flynn,New Zealand,2,19,18,0,0,0.0,0.0,7.0,0
TL Best,West Indies,14,708,788,21,97,29.3370535714286,33.6607142857143,5.4917308751334,1
T Shamsi,South Africa,15,722,828,21,28,34.2928205128205,39.0945299145299,5.32682789339334,1
CP Tremain,Australia,4,257,249,7,11,47.4166666666667,44.0416666666667,6.19930875576037,0
SM Boland,Australia,13,735,731,17,27,26.2939560439561,27.4750915750916,6.07327697485623,0
H Kaur,India,22,436,553,14,37,11.0222222222222,14.6509941520468,4.87902185992302,0
M Daniels,South Africa,22,615,969,19,46,19.9085097001764,42.2281501077797,3.9458348224905,0
R Ntozakhe,South Africa,5,149,214,3,9,12.7333333333333,15.8,4.23262339634629,0
Arshad Khan,Pakistan,2,72,84,2,0,17.5,15.0,5.55555555555556,0
M Kartik,India,8,368,441,11,18,40.85,44.825,5.1010028445838,1
SM Pollock,South Africa,52,1535,2877,65,82,19.2610994295048,34.6342787029146,3.2200810442861,2
M Ntini,South Africa,49,2060,2551,75,79,33.3039333166506,39.2975680567037,4.85631837215187,5
Samiullah Khan,Pakistan,2,115,123,0,3,0.0,0.0,5.60714285714286,0
Younis Khan,Pakistan,14,181,185,1,11,0.230769230769231,0.538461538461538,5.89222135007849,0
Haris Sohail,Pakistan,19,564,577,12,17,21.6,20.4307692307692,6.33863538431405,1
Ahmed Shehzad,Pakistan,9,140,116,2,1,22.875,18.75,7.0537037037037,0
Mohammad Saifuddin,Bangladesh,15,745,744,25,50,25.7868253968254,27.8620634920635,5.98399241216356,1
SA Millanta,Australia,3,164,153,3,5,54.6666666666667,51.0,6.45517629407352,0
SJ Coyte,Australia,14,496,678,18,26,26.0304232804233,38.25,4.64057315644328,0
LC Sthalekar,Australia,7,233,396,7,7,19.25,37.0357142857143,3.47683060532515,0
SEA Ruck,New Zealand,6,254,359,8,12,39.4166666666667,45.1666666666667,4.24571415126834,0
RH Candy,New Zealand,4,175,201,5,13,12.0,14.5,5.15067238504739,1
EM Bermingham,New Zealand,16,533,712,15,42,23.0803809523809,31.0007619047619,4.94254447970754,0
NJ Browne,New Zealand,5,146,144,1,13,29.0,30.5,6.19653916211293,0
FL Mackay,New Zealand,3,111,119,2,1,34.0,35.0,5.54858030168589,0
Rahat Ali,Pakistan,14,665,705,20,35,31.5897065897066,35.9636844636845,5.8502885618801,0
PLS Gamage,Sri Lanka,5,228,233,2,20,62.0,63.0,5.9817042457644,0
Mudassar Bukhari,Netherlands,16,552,636,16,40,28.7845982142857,35.1177455357143,5.26828363413347,0
BA Westdijk,Netherlands,3,176,146,1,19,28.0,23.0,7.11130149211109,0
BP Loots,Netherlands,5,227,188,2,9,26.25,24.5,8.21157152924595,0
PM Seelaar,Netherlands,15,570,710,20,19,29.9203571428571,34.936130952381,4.82413150448746,1
RN ten Doeschate,Netherlands,14,654,711,20,57,31.9944444444444,33.2138888888889,5.46174014989072,0
TLW Cooper,Netherlands,10,214,251,8,8,5.035,7.465,5.63066750453847,1
Aizaz Khan,Hong Kong,8,340,313,8,18,40.125,37.25,6.79545966002083,0
Ehsan Nawaz,Hong Kong,3,77,121,1,11,14.0,29.0,4.47662835249042,0
Tanveer Ahmed,Hong Kong,5,180,192,6,12,17.1666666666667,19.3333333333333,5.76768679349325,0
Ehsan Khan,Hong Kong,7,262,383,11,16,29.8333333333333,43.0238095238095,4.35222712240451,0
Nizakat Khan,Hong Kong,3,51,86,3,2,17.0,28.6666666666667,3.62083333333333,0
RMS Eranga,Sri Lanka,16,664,701,22,44,32.0181069958848,31.6971193415638,5.52737608893002,0
SC Kuggeleijn,New Zealand,2,62,87,5,7,11.75,17.0833333333333,4.05587557603687,0
Soumya Sarkar,Bangladesh,12,285,286,9,6,19.0659722222222,19.2361111111111,6.37382653757654,1
RR Emrit,West Indies,2,108,91,0,16,0.0,0.0,7.03715170278638,0
Salman Butt,Pakistan,3,48,34,0,1,0.0,0.0,9.88888888888889,0
Bilawal Bhatti,Pakistan,10,448,420,7,20,37.3703703703704,38.037037037037,6.48597678219905,0
Abdur Rehman,Pakistan,30,1130,1588,35,64,27.8259903741545,37.3888143891018,5.05875798940323,2
Sohaib Maqsood,Pakistan,4,42,55,1,1,4.0,7.75,5.8991935483871,0
Dolar Mahmud,Bangladesh,7,259,223,8,19,28.75,28.2142857142857,7.65378057426445,1
Bilal Asif,Pakistan,3,96,133,5,1,1.66666666666667,4.0,5.09183673469388,1
Tushar Imran,Bangladesh,3,59,90,2,2,4.33333333333333,8.0,4.30555555555556,0
LRPL Taylor,New Zealand,4,35,45,0,8,0.0,0.0,4.22115384615385,0
Jahanara Alam,Bangladesh,10,288,436,11,34,18.75,29.8833333333333,4.16585731273231,0
Panna Ghosh,Bangladesh,7,173,245,4,11,14.0,27.5,5.18764459718859,0
Rumana Ahmed,Bangladesh,10,301,430,12,10,22.5229166666667,33.0125,4.19780719890397,0
Khadija Tul Kubra,Bangladesh,10,328,463,12,11,20.7148148148148,35.7555555555556,4.76295076383887,0
Salma Khatun,Bangladesh,10,238,390,8,11,17.4791666666667,29.1875,4.25423767752715,0
IMHC Joyce,Ireland,7,212,339,6,13,13.7916666666667,22.7083333333333,4.02980930076949,1
LK O'Reilly,Ireland,5,125,180,3,23,9.4,14.5,5.16799635908522,0
CJ Metcalfe,Ireland,6,241,314,4,6,28.7777777777778,52.8888888888889,4.5019710097764,0
KJ Garth,Ireland,8,295,397,11,22,19.6458333333333,27.625,4.57330424196935,0
GH Lewis,Ireland,9,310,344,7,10,18.1770833333333,21.8645833333333,5.17027239609207,0
RA Lewis,Ireland,2,31,31,1,4,9.5,9.5,6.0,0
Arafat Sunny,Bangladesh,16,624,837,29,31,26.005462962963,32.9172222222222,4.57689503821329,3
D Elgar,South Africa,4,74,98,2,9,17.0,26.0,4.61,0
LR Doolan,New Zealand,4,151,176,5,2,13.5416666666667,18.9583333333333,5.95135504356816,0
ADS Fletcher,West Indies,3,26,28,0,0,0.0,0.0,6.44444444444444,0
SR Thompson,Ireland,15,486,536,12,54,30.289696969697,33.2561616161616,5.48807400696555,0
MJ Mason,New Zealand,17,673,789,24,45,23.3456439393939,27.1306818181818,5.35670872378003,1
PDRL Perera,Sri Lanka,13,503,556,12,31,29.6715506715507,32.1318681318681,5.50355116700652,0
A Das,India,3,119,166,7,3,18.5833333333333,32.0,4.28042328042328,1
MR Meshram,India,4,51,86,0,2,0.0,0.0,3.9217032967033,0
Faisal Hossain,Bangladesh,2,54,73,1,1,13.5,18.0,4.43918918918919,0
Rajin Saleh,Bangladesh,5,93,111,5,9,3.4,5.6,6.13411764705882,1
NB Mahwire,Zimbabwe,6,202,269,5,27,16.1875,25.03125,4.58345552297165,0
CBRLS Kumara,Sri Lanka,9,493,432,11,40,46.9166666666667,36.6296296296296,6.97358668142387,0
SS Pathirana,Sri Lanka,15,611,671,14,15,25.461038961039,32.1168831168831,5.49987023839061,0
AB Dinda,India,13,618,613,14,25,29.3230769230769,30.7307692307692,6.12656562593547,1
KK Ahmed,India,5,203,175,4,9,25.0,20.0,7.14065934065934,0
FA Allen,West Indies,8,268,258,4,2,28.5,25.2,6.46458333333333,0
M Labuschagne,Australia,3,36,24,0,0,0.0,0.0,9.66666666666667,0
Mohammad Sami,Pakistan,11,528,559,13,56,20.0,26.4155844155844,5.67588428549379,0
Hammad Azam,Pakistan,7,129,141,3,7,7.85714285714286,9.07142857142857,5.83965963295335,0
Fawad Ahmed,Australia,2,108,84,2,2,54.0,42.0,7.71428571428571,0
JA Morkel,Africa XI,43,1631,1766,44,95,33.2812692139194,35.6171577692885,5.59622796931347,3
PJK Mooney,Ireland,2,57,54,0,3,0.0,0.0,6.7,0
G Chapple,England,1,14,24,0,0,0.0,0.0,3.5,0
IR Bell,England,5,80,70,3,5,18.2,15.2,7.03502747252747,0
Elias Sunny,Bangladesh,4,162,207,5,4,22.1875,32.5625,4.91875,0
K Weeraratne,Sri Lanka,3,88,72,0,5,0.0,0.0,7.40555555555556,0
KED Carroll,Ireland,1,8,6,0,0,0.0,0.0,8.0,0
A Bosch,South Africa,2,31,36,0,0,0.0,0.0,5.5,0
GM Harris,Australia,5,144,249,8,6,16.4833333333333,24.4722222222222,3.41523260965884,1
RM Farrell,Australia,15,485,641,13,32,26.4088955026455,30.677414021164,4.59985617214299,0
HL Ferling,Australia,16,403,573,16,68,12.6966783216783,18.3627622377622,4.37598501470851,0
SM Harwood,Australia,1,59,62,2,4,29.5,31.0,5.70967741935484,0
R Shepherd,West Indies,5,178,237,5,11,35.8,52.0,4.93798881126667,0
K Pierre,West Indies,3,159,159,1,8,51.0,61.0,6.07689305230289,0
Simi Singh,Ireland,8,302,451,9,1,25.9285714285714,44.5714285714286,4.0765881147541,0
GJ Delany,Ireland,1,34,12,0,1,0.0,0.0,17.0,0
RL Grundy,England,3,148,171,3,10,49.3333333333333,57.0,5.22601092896175,0
Sumaiya Siddiqi,Pakistan,6,166,243,4,9,13.5,23.8,4.2143108575165,0
Qanita Jalil,Pakistan,7,117,226,5,10,8.03571428571429,15.8928571428571,3.48006844150828,0
MS Tshabalala,South Africa,4,152,156,3,7,41.25,41.5,6.01473526473527,0
Maham Tariq,Pakistan,4,206,188,4,10,53.75,47.875,6.55538068368264,0
ML Lewis,Australia,5,264,232,5,12,11.25,15.125,6.8651239945448,0
SW Masakadza,Zimbabwe,15,857,798,27,64,33.7262962962963,32.9271604938272,6.6209031583643,3
Robiul Islam,Bangladesh,3,123,140,2,15,30.6666666666667,36.6666666666667,5.16383239831697,0
NM Odhiambo,Kenya,1,39,61,2,2,19.5,30.5,3.83606557377049,0
E Otieno,Kenya,10,479,463,15,34,30.57,31.56,6.57018542516961,1
RG Aga,Kenya,4,110,146,3,4,27.3333333333333,36.6666666666667,5.49498892580288,0
JO Ngoche,Kenya,6,223,306,5,14,23.9166666666667,38.0833333333333,4.4173919476716,0
RR Patel,Kenya,3,69,84,2,0,15.6666666666667,24.0,6.20833333333333,0
H Osinde,Canada,17,543,739,25,70,20.7544798951049,28.0033872377622,5.09569632439979,2
Rizwan Cheema,Canada,13,440,496,12,13,18.2708333333333,23.8125,5.49053605564108,0
Junaid Siddiqui,Canada,6,206,255,4,10,35.2,48.0,5.28387096774194,0
AS Hansra,Canada,12,285,282,2,8,5.75,9.0,7.31215021773171,0
N Dutta,Canada,1,31,38,0,2,0.0,0.0,4.89473684210526,0
H Patel,Canada,5,102,107,2,6,28.5,33.5,8.02105263157895,0
Raza-ur-Rehman,Canada,4,114,113,1,3,14.75,13.75,6.25790043290043,0
HDRL Thirimanne,Sri Lanka,4,94,107,3,3,14.3333333333333,15.8333333333333,5.785,0
A Nao,Papua New Guinea,3,132,137,2,8,32.3333333333333,33.3333333333333,5.70682695682696,0
N Vanua,Papua New Guinea,14,522,607,15,63,24.8545918367347,30.4719387755102,5.46814464933195,1
JB Reva,Papua New Guinea,4,147,174,6,1,24.875,34.0416666666667,5.4924671240709,0
A Vala,Papua New Guinea,13,371,630,19,23,20.6182336182336,34.6495726495726,3.57270717748923,0
MD Dai,Papua New Guinea,5,228,301,9,18,28.5666666666667,39.7666666666667,4.55031225604996,0
S Bau,Papua New Guinea,5,112,163,2,1,17.5,24.0,4.74186046511628,0
Mohammed Qasim,United Arab Emirates,2,43,78,2,0,21.5,39.0,3.66666666666667,0
Khurram Chohan,Canada,11,444,526,20,20,22.2425925925926,26.1592592592593,4.90991832310759,2
TG Gordon,Canada,1,1,4,0,1,0.0,0.0,1.5,0
HS Baidwan,Canada,16,731,820,25,37,32.2972470238095,38.0984002976191,5.35414607204718,0
WD Balaji Rao,Canada,7,330,357,10,16,26.3857142857143,32.9857142857143,5.63810639009702,1
MBS Jonkman,Netherlands,4,110,144,5,10,10.25,16.25,4.3418118945371,0
DJ Reekers,Netherlands,4,133,143,3,9,12.0,19.0,5.66942558007923,0
TBM de Leede,Netherlands,6,193,245,7,18,17.35,24.75,5.42882933307638,0
Adeel Raja,Netherlands,4,162,144,0,1,0.0,0.0,10.8883928571429,0
PW Borren,Netherlands,15,475,556,10,28,45.0939393939394,44.6424242424242,5.72810345592687,1
J Little,Ireland,4,267,227,5,17,56.0833333333333,46.1666666666667,7.02596419709323,1
V Sibanda,Zimbabwe,6,178,183,2,6,25.125,30.375,6.22967032967033,0
CD McMillan,New Zealand,14,318,339,12,1,19.7460317460318,23.031746031746,5.95212556657813,0
F du Plessis,South Africa,11,191,197,2,11,4.51428571428571,4.77142857142857,6.43295305712963,0
Rameen Shamim,Pakistan,2,107,87,4,3,15.25,15.5,8.47161290322581,1
S Glenn,England,3,93,167,9,1,11.9444444444444,20.5,3.27146892655367,1
A Dananjaya,Sri Lanka,8,376,455,11,5,30.53125,37.7083333333333,4.98195888590521,1
Junaid Siddique (2),United Arab Emirates,6,255,318,13,19,20.5555555555555,26.3611111111111,4.70325147675169,0
DDP D'Silva,United Arab Emirates,5,121,194,6,15,11.9444444444444,22.5,3.57815247722938,0
Waheed Ahmed,United Arab Emirates,4,66,85,1,1,10.0,9.0,4.80329457364341,0
Basil Hameed,United Arab Emirates,2,15,18,1,0,10.0,12.0,5.0,0
Steven Ryan Taylor,United States of America,9,212,275,9,16,13.625,19.015625,5.77670329442268,1
SN Netravalkar,United States of America,11,280,532,20,7,17.7424242424242,34.4242424242424,3.14276095192984,1
J Theron,United States of America,12,537,616,24,40,22.9773148148148,27.0486111111111,5.30672603185456,1
CAH Stevenson,United States of America,6,247,302,12,29,14.4444444444444,18.4259259259259,4.81995460213545,0
NP Kenjige,United States of America,5,144,173,5,3,30.2666666666667,35.5333333333333,5.11770017008695,0
IG Holland,United States of America,7,217,276,8,10,29.1785714285714,38.2142857142857,5.14701418780366,0
Aizaz Cheema,Pakistan,14,609,673,24,39,25.9268707482993,29.4421768707483,5.38651141855579,2
Azhar Mahmood,Pakistan,3,74,97,1,5,8.0,10.3333333333333,5.29838709677419,0
FJ Klaassen,Netherlands,2,85,124,4,7,21.25,31.0,4.09445745511319,0
VJ Kingma,Netherlands,3,115,133,2,19,52.0,60.5,5.27838527428467,0
BD Glover,Netherlands,1,37,63,1,3,37.0,63.0,3.52380952380952,0
Saqib Zulfiqar,Netherlands,1,50,43,1,2,50.0,43.0,6.97674418604651,0
W Barresi,Netherlands,1,13,6,0,0,0.0,0.0,13.0,0
A Ndlovu,Zimbabwe,2,82,103,1,5,15.5,27.5,4.87840909090909,0
A Shahzad,England,10,469,559,15,49,33.5854166666667,39.7041666666667,5.13997070468289,0
IJL Trott,England,10,174,185,3,10,3.52142857142857,3.6,6.90624156545209,0
SM Curran,England,2,44,43,0,1,0.0,0.0,6.49230769230769,0
TK Curran,England,9,386,386,11,19,15.9930555555556,15.4791666666667,7.98227272868931,1
MW Parkinson,England,2,63,65,0,1,0.0,0.0,6.23076923076923,0
KW Richardson,Australia,19,935,1005,30,33,31.6777255639098,33.6149749373434,5.50529511511257,1
S Mukuddem,Bermuda,6,241,272,11,31,28.9861111111111,27.7430555555555,5.75992462054179,1
DCC Borden,Bermuda,4,95,82,3,9,19.75,18.125,7.06342469075916,0
SO Ngoche,Kenya,5,217,260,6,2,33.45,43.55,5.57440801457195,0
LMP Simmons,West Indies,12,172,163,1,11,0.75,1.5,6.95743786549708,0
L Cheatle,Australia,4,142,154,2,10,26.5,28.0,5.37725396022919,0
Asad Ali,Pakistan,4,120,183,2,12,20.0,32.6666666666667,3.96734449760766,0
GJP Kruger,South Africa,3,143,150,2,21,53.5,56.0,5.77422402159244,0
N Shangase,South Africa,3,96,116,2,5,22.6666666666667,28.6666666666667,5.02607096892811,0
Suhrawadi Shuvo,Bangladesh,17,574,773,17,12,25.4459746861708,37.8267487550576,4.84632939426359,1
Asad Shafiq,Pakistan,2,18,12,0,0,0.0,0.0,9.0,0
L Ngidi,South Africa,13,545,596,27,16,18.5547785547786,22.8065268065268,5.37939346537798,1
JT Smuts,South Africa,3,97,132,4,0,33.3333333333333,46.0,4.32222222222222,0
L Sipamla,South Africa,3,122,151,2,5,41.0,51.0,4.88411504952858,0
JL Denly,England,4,101,104,1,2,8.0,10.6666666666667,6.43333333333333,0
KO Meth,Zimbabwe,8,416,400,10,19,41.1388888888889,37.8784722222222,6.26475086471198,0
Nasir Aziz,United Arab Emirates,3,147,156,2,0,50.0,60.0,5.94444444444444,0
Amir Hayat,United Arab Emirates,3,111,173,7,6,9.20833333333333,16.6666666666667,3.74504781420765,1
Mohammad Boota,United Arab Emirates,1,11,12,0,1,0.0,0.0,5.5,0
Sompal Kami,Nepal,3,117,139,7,17,29.6666666666667,35.6666666666667,4.93502943650126,1
Karan KC,Nepal,7,223,319,13,11,15.1357142857143,22.1,4.18568516296476,2
S Lamichhane,Nepal,7,274,361,15,21,17.8142857142857,25.7142857142857,4.59021464346311,2
P Khadka,Nepal,6,161,242,4,3,13.3333333333333,22.5,3.91299003322259,0
B Regmi,Nepal,1,1,6,0,0,0.0,0.0,1.0,0
DJ Worrall,Australia,3,173,162,2,6,11.25,15.25,6.48334634400208,0
Rokhan Barakzai,Afghanistan,1,46,62,2,3,23.0,31.0,4.45161290322581,0
G Goudie,Scotland,1,18,42,3,0,6.0,14.0,2.57142857142857,0
KJ Coetzer,Scotland,4,118,114,0,5,0.0,0.0,6.70261552897021,0
Ahsan Malik,Netherlands,6,211,237,9,19,8.5,8.31481481481482,5.00208734437171,0
TJ Heggelman,Netherlands,1,34,42,2,0,17.0,21.0,4.85714285714286,0
CT Mumba,Zimbabwe,5,247,226,7,10,20.3,19.4,6.63812454013864,0
DA Warner,Australia,1,8,6,0,0,0.0,0.0,8.0,0
D Mongia,India,5,201,243,8,3,21.4375,30.625,4.91461038961039,1
L Little,Ireland,2,107,105,1,11,29.5,26.0,6.12082728592163,0
A Beggs,Ireland,3,131,136,5,5,25.8888888888889,28.0,5.58333333333333,0
Rachel Delaney,Ireland,3,102,105,3,3,23.3333333333333,21.0,5.27777777777778,0
SM Kavanagh,Ireland,3,92,74,1,8,15.0,13.6666666666667,8.00715202640748,0
S MacMahon,Ireland,1,49,63,1,3,49.0,63.0,4.66666666666667,0
L Paul,Ireland,2,21,37,0,1,0.0,0.0,3.41228070175439,0
LC Boylan,Ireland,1,37,19,2,5,18.5,9.5,11.6842105263158,0
Y Fourie,South Africa,6,151,236,7,15,9.33333333333333,21.8,4.04927586449326,0
RAJ Smith,Scotland,2,101,92,1,6,19.0,18.5,6.51744471744472,0
TS Nethula,New Zealand,5,250,268,5,13,47.4333333333333,47.7333333333333,5.72714285714286,0
Saad Nasim,Pakistan,2,46,37,0,1,0.0,0.0,7.47,0
BP Kruger,Netherlands,1,23,21,0,0,0.0,0.0,6.57142857142857,0
VR Aaron,India,9,427,405,11,34,33.0833333333333,29.7314814814815,6.26282822157666,0
SG Borthwick,England,2,72,54,1,0,6.5,3.0,10.1875,0
SC Meaker,England,2,113,117,2,10,56.5,58.5,5.76190476190476,0
S Chanderpaul,West Indies,1,20,24,0,1,0.0,0.0,5.0,0
O Thomas,West Indies,15,668,639,21,46,32.13,29.5993939393939,5.97359952144303,2
CKB Kulasekara,Sri Lanka,4,82,79,0,3,0.0,0.0,6.29279279279279,0
KA Maharaj,South Africa,5,243,277,5,0,50.2222222222222,47.2888888888889,5.17081081081081,0
TD Astle,New Zealand,3,96,103,3,1,20.3333333333333,24.3333333333333,5.45128205128205,0
CK Tshuma,Zimbabwe,2,83,67,1,1,35.0,30.0,7.39189189189189,0
W Madhevere,Zimbabwe,3,115,120,4,0,20.6666666666667,22.0,5.74285714285714,0
CT Mutombodzi,Zimbabwe,9,337,354,7,19,13.296875,16.515625,6.31941633776045,0
Mohammad Talha,Pakistan,3,147,126,4,9,45.1666666666667,34.6666666666667,7.08004011492384,0
L Vincent,New Zealand,2,22,18,1,0,0.0,3.0,5.5,0
CL White,Australia,15,305,293,11,30,12.8571428571429,14.6232142857143,6.38788516746412,0
Sharafuddin Ashraf,Afghanistan,7,298,382,7,5,40.5694444444444,52.2777777777778,4.70696983214548,0
A Bohara,Nepal,2,51,66,1,0,38.0,54.0,5.36111111111111,0
S Bhari,Nepal,4,106,183,11,8,15.7291666666667,22.2083333333333,3.30504222553403,1
DS Airee,Nepal,3,34,48,1,0,22.0,30.0,4.46666666666667,0
Bilal Khan,Oman,10,385,558,18,30,16.3544973544974,23.978835978836,4.14375692906893,1
Kaleemullah,Oman,9,241,347,4,6,16.4375,36.875,4.33530123935654,0
Badal Singh,Oman,2,70,62,0,6,0.0,0.0,6.85897435897436,0
Zeeshan Maqsood,Oman,11,350,578,20,6,17.1818181818182,30.2175324675325,3.64513321299036,1
Mohammad Nadeem,Oman,7,236,248,10,4,24.9166666666667,26.0833333333333,5.47693391642371,1
Khawar Ali,Oman,11,407,509,12,17,28.1994318181818,38.7278409090909,5.09056911617702,1
Aqib Ilyas,Oman,11,209,330,17,14,10.540404040404,17.3939393939394,3.90746924038137,2
IT Guha,England,3,65,127,4,11,18.5,33.8333333333333,3.21104786000422,0
NJ Shaw,England,2,45,122,2,2,22.5,61.0,2.20645161290323,0
CM Edwards,England,2,51,48,2,2,25.5,24.0,6.23684210526316,0
R Dhar,India,1,26,36,0,1,0.0,0.0,4.33333333333333,0
P Roy,India,1,28,34,1,0,28.0,34.0,4.94117647058824,0
SK Naidu,India,1,22,18,0,0,0.0,0.0,7.33333333333333,0
MDT Kamini,India,1,31,31,0,1,0.0,0.0,6.0,0
DJ Cullen,Australia,4,137,207,2,12,4.16666666666667,7.66666666666667,4.04964362081254,0
BM Wheeler,New Zealand,6,321,319,11,17,24.0,28.7,6.17902981870695,0
GSNFG Jayasuriya,Sri Lanka,8,220,235,2,5,8.71428571428571,9.08571428571429,5.70744047619048,0
Mahbubul Alam,Bangladesh,5,284,237,8,23,37.6,32.4,7.04737251550413,0
Mehrab Hossain jnr,Bangladesh,6,155,188,3,2,16.375,18.75,4.44451659451659,0
AM Guruge,United Arab Emirates,6,272,299,9,10,16.0833333333333,18.25,5.21003619952607,1
AT Rayudu,India,8,128,123,3,7,8.75,13.75,6.4496879217274,0
Mansoor Amjad,Pakistan,1,45,48,1,1,45.0,48.0,5.625,0
B Geeves,Australia,2,79,95,3,6,36.75,40.0,4.23846153846154,0
RK Whelan,Ireland,2,105,95,2,11,52.5,47.5,6.5975935828877,0
MJ Fourie,Ireland,2,52,81,0,9,0.0,0.0,3.87912087912088,0
MP Vaughan,England,3,88,133,4,2,24.0,37.5,4.12828282828283,0
N Pokana,Papua New Guinea,9,297,460,21,25,13.8703703703704,21.2222222222222,3.8562251060577,0
CA Soper,Papua New Guinea,11,380,516,16,28,25.0681818181818,35.9621212121212,4.41610546025935,1
J Kila,Papua New Guinea,4,118,173,6,7,11.5,19.8333333333333,4.51369047619048,0
CJA Amini,Papua New Guinea,9,375,476,8,17,15.9047619047619,20.5,4.70175052634069,0
L Siaka,Papua New Guinea,7,103,148,3,7,15.8,28.2,4.46695553511774,0
Jasdeep Singh,United States of America,3,53,69,1,3,11.5,12.0,4.57666666666667,0
K Gore,United States of America,9,211,326,10,10,7.41269841269841,14.3968253968254,4.23821000487667,1
TK Patel,United States of America,5,120,176,5,2,20.9,28.4,4.59064048799085,0
NK Patel,United States of America,5,123,165,5,13,20.2666666666667,25.7333333333333,4.78713178294574,0
LPC Silva,Sri Lanka,2,34,44,1,3,21.0,25.0,4.57263157894737,0
R Ngarava,Zimbabwe,6,274,296,8,21,39.0,40.25,5.43282191509799,0
CAK Rajitha,Sri Lanka,6,293,272,8,20,40.75,37.1666666666667,6.21110079041768,0
PHKD Mendis,Sri Lanka,2,81,84,1,2,47.0,60.0,6.6,0
JD Nel,Scotland,8,271,294,3,11,10.3,15.4,6.00245089971472,0
K Ramharack,West Indies,2,75,86,1,3,40.0,37.0,5.38610038610039,0
BF Smith,England,1,21,49,1,2,21.0,49.0,2.57142857142857,0
M Joshi,India,7,146,279,6,5,5.40476190476191,9.92857142857143,3.5743894993895,0
PC Connell,Ireland,4,199,187,7,13,22.0,22.7916666666667,6.4843535883971,0
RR Watson,Scotland,4,88,126,3,1,13.125,20.625,4.675,0
T van der Gugten,Netherlands,3,50,94,6,14,4.93333333333333,8.73333333333333,3.89966720078886,1
MR Swart,Netherlands,6,137,174,3,1,19.9,27.0,4.31666666666667,0
Zakiullah Zaki,Afghanistan,1,27,26,0,6,0.0,0.0,6.23076923076923,0
J Cameron-Dow,Ireland,4,153,189,5,5,34.5416666666667,44.0,5.45161265726268,0
Asghar Stanikzai,Afghanistan,2,40,43,1,3,17.0,19.0,6.28421052631579,0
JM Mennie,Australia,2,135,122,3,6,17.6666666666667,20.3333333333333,6.63934426229508,0
SKW Kelly,Bermuda,3,74,84,2,9,21.0,22.3333333333333,5.43699248120301,0
Mohammad Kashif,Netherlands,3,92,114,5,1,9.61111111111111,13.6666666666667,6.14761904761905,0
IG Butler,New Zealand,11,492,533,15,29,30.5916666666667,33.925,5.69489591894804,1
DPMD Jayawardene,Asia XI,3,39,40,1,4,1.66666666666667,3.66666666666667,5.64438502673797,0
BRM Taylor,Zimbabwe,10,149,145,1,6,1.2,1.2,7.49341085271318,0
L Balaji,India,1,34,31,0,3,0.0,0.0,6.58064516129032,0
Fayyaz Ahmed,United Arab Emirates,3,121,162,0,0,0.0,0.0,4.26190476190476,0
JS Ababu,Kenya,2,75,81,1,3,21.5,30.5,6.91475409836066,0
S Thuraisingam,Canada,2,53,72,2,2,9.25,12.0,4.3125,0
KT Sandher,Canada,4,172,213,6,11,30.375,39.625,4.94132653061225,0
H Durham,Bermuda,1,48,62,2,6,24.0,31.0,4.64516129032258,0
PC de Silva,Sri Lanka,7,257,319,5,10,39.5714285714286,52.0,5.19131379388496,0
Ehsan Adil,Pakistan,6,229,229,4,10,38.1111111111111,40.6666666666667,5.91811925615912,0
JC Archer,England,14,590,760,23,49,26.4714285714286,35.1,4.45999002164794,0
GW Aldridge,New Zealand,2,100,117,1,5,46.0,63.0,5.19047619047619,0
HP Rinke,Zimbabwe,5,114,97,2,3,4.375,4.5,7.07857142857143,0
E Schiferli,Netherlands,4,104,132,3,11,20.0,35.25,5.05201048951049,0
DLS van Bunge,Netherlands,4,116,93,1,2,2.0,3.5,7.44805194805195,0
ADJ Pitcher,Bermuda,1,38,38,0,1,0.0,0.0,6.0,0
IH Romaine,Bermuda,4,75,64,1,5,5.0,5.25,6.96804511278195,0
KV Sharma,India,2,125,114,0,0,0.0,0.0,6.60555555555556,0
S Weerakoon,Sri Lanka,1,49,61,1,4,49.0,61.0,4.81967213114754,0
SMA Priyanjan,Sri Lanka,14,236,270,7,13,7.97946428571429,9.40401785714286,5.11736202698609,0
JS Paris,Australia,2,93,98,1,2,20.0,24.5,5.69387755102041,0
C Brits,South Africa,1,5,9,0,3,0.0,0.0,3.33333333333333,0
TB Sole,Scotland,5,203,262,4,8,38.7,50.7,4.55583557453989,0
WF Stelling,Netherlands,4,117,193,6,17,21.625,30.4375,3.46276510604242,0
Sunzamul Islam,Bangladesh,1,22,31,2,1,11.0,15.5,4.25806451612903,0
PA van Meekeren,Netherlands,2,56,81,2,4,7.75,14.25,4.75657894736842,0
MJG Rippon,Netherlands,3,68,92,4,2,3.08333333333333,5.0,5.92564102564103,1
Yasir Arafat,Pakistan,7,295,325,1,31,5.42857142857143,4.42857142857143,5.67418192023031,0
A Martin,West Indies,9,300,447,13,7,22.7777777777778,29.962962962963,4.24772231247641,1
Usman Ghani,Afghanistan,1,13,14,0,0,0.0,0.0,5.57142857142857,0
N M'shangwe,Zimbabwe,5,215,281,4,7,34.75,45.75,4.5497781736202,0
LN McCarthy,Ireland,5,167,283,3,18,19.6,37.0,3.71799753216993,0
AJ Kenealy,Ireland,5,132,177,4,19,19.0,22.7777777777778,4.33904736124355,0
MEMO Scott-Hayward,Ireland,2,99,113,1,7,48.0,63.0,5.34571428571429,0
EJ Tice,Ireland,1,48,44,0,8,0.0,0.0,6.54545454545455,0
Javeria Rauf,Pakistan,2,47,40,1,8,22.0,21.0,7.09022556390977,0
Tharika Sewwandi,Sri Lanka,1,14,13,0,1,0.0,0.0,6.46153846153846,0
S Mahmood,England,1,17,31,1,1,17.0,31.0,3.29032258064516,0
BR Dorey,Australia,4,147,169,2,8,21.3333333333333,27.3333333333333,5.34859190988223,0
Tanwir Afzal,Hong Kong,7,245,296,6,15,34.5142857142857,38.4285714285714,5.52691932106034,0
Anshuman Rath,Hong Kong,5,110,260,13,5,6.11666666666667,15.1333333333333,2.74327868852459,1
EH Hutchinson,United States of America,4,90,123,1,12,5.75,12.5,4.84,0
NM Carter,Scotland,1,56,61,1,1,56.0,61.0,5.50819672131148,0
Umar Amin,Pakistan,2,18,30,0,0,0.0,0.0,4.875,0
NG Jones,Ireland,4,85,158,5,8,14.1666666666667,25.3333333333333,3.42954894065765,0
Mohammad Hasnain,Pakistan,5,311,253,6,19,42.5833333333333,32.5833333333333,7.56397865487236,0
FR Davies,England,1,19,43,0,1,0.0,0.0,2.65116279069767,0
Tanvir Ahmed (1),Pakistan,1,45,37,1,1,45.0,37.0,7.2972972972973,0
R Sharma,India,4,178,208,6,3,37.3333333333333,42.0,5.29485871271586,0
O Kirsten,South Africa,4,124,180,6,9,7.0,17.5,4.59933416662661,1
Anam Amin,Pakistan,6,142,237,6,4,2.47916666666667,8.75,4.50277777777778,1
Iram Javed,Pakistan,2,27,27,1,4,16.0,21.0,7.78571428571429,0
EP Thompson,New Zealand,1,43,26,0,3,0.0,0.0,9.92307692307692,0
IE O'Brien,New Zealand,10,496,462,16,19,26.5944444444444,23.5333333333333,7.04890976222124,0
A Nortje,South Africa,7,286,339,15,8,20.5952380952381,24.6190476190476,5.04660461898595,0
Abu Jayed,Bangladesh,2,121,113,5,12,12.6,11.4,6.42293233082707,1
R Powell,West Indies,2,14,20,0,0,0.0,0.0,4.71428571428571,0
WCA Ganegama,Sri Lanka,2,61,44,0,4,0.0,0.0,13.2368421052632,0
BJ Diamanti,New Zealand,1,25,12,0,0,0.0,0.0,12.5,0
Zahid Hussain,Canada,2,96,120,3,2,38.5,45.0,4.8,0
CL Cairns,New Zealand,2,78,85,2,1,39.0,42.5,5.39455782312925,0
RD Steede,Bermuda,2,54,84,1,8,13.5,29.5,4.6128813559322,0
DL Hemp,Bermuda,2,73,63,0,3,0.0,0.0,9.84461538461538,0
KDK Vithanage,Sri Lanka,2,17,12,0,0,0.0,0.0,8.5,0
BCJ Cutting,Australia,4,160,220,5,6,27.75,35.5833333333333,4.23748338502437,0
TJ Vlaeminck,Australia,3,79,130,3,19,19.75,30.5,3.74662162162162,0
H Graham,Australia,1,30,48,1,1,30.0,48.0,3.75,0
DR Briggs,England,1,42,61,2,4,21.0,30.5,4.13114754098361,0
Rizwan Ahmed,Pakistan,1,26,26,0,2,0.0,0.0,6.0,0
AGR Loudon,England,1,38,37,0,3,0.0,0.0,6.16216216216216,0
GM Strydom,Zimbabwe,2,24,30,0,0,0.0,0.0,4.75,0
RS Higgins,Zimbabwe,3,128,158,4,1,23.0,30.0,4.96140350877193,0
N Ncube,Zimbabwe,1,71,58,3,11,23.6666666666667,19.3333333333333,7.3448275862069,0
AK Peters,West Indies,3,46,58,1,8,10.0,13.0,6.29274725274725,0
D Gough,England,2,78,74,0,12,0.0,0.0,6.65632653061225,0
AA Alleyne,West Indies,2,62,86,2,2,19.0,31.0,4.83870967741936,0
S Gajnabi,West Indies,2,53,55,1,1,23.0,30.0,5.9,0
SS Grimmond,West Indies,2,41,43,1,0,22.0,24.0,5.75,0
AR Adams,New Zealand,2,108,97,1,6,27.0,27.0,6.76744186046512,0
S Chattergoon,West Indies,1,30,42,0,0,0.0,0.0,4.28571428571429,0
K Thomson,South Africa,1,39,21,0,3,0.0,0.0,11.1428571428571,0
Hamza Tahir,Scotland,6,231,342,13,8,16.475,26.525,4.07529274004684,2
DE Budge,Scotland,2,26,37,1,1,10.5,15.5,4.53225806451613,0
XM Marshall,West Indies,1,5,4,0,5,0.0,0.0,7.5,0
JH Stander,Scotland,3,107,105,4,10,22.0,21.75,5.9645202020202,0
MM Iqbal,Scotland,3,142,127,2,7,24.0,27.5,6.96767676767677,0
Dawlat Ahmadzai,Afghanistan,1,40,36,1,0,40.0,36.0,6.66666666666667,0
Hasti Gul,Afghanistan,1,48,56,2,2,24.0,28.0,5.14285714285714,0
Khaliq Dad,Afghanistan,1,29,36,2,4,14.5,18.0,4.83333333333333,0
JOA Gordon,Canada,4,159,153,5,12,39.5555555555556,33.7777777777778,5.9096875,0
NR Kumar,Canada,2,67,67,2,5,20.0,21.0,6.09714285714286,0
Tanbir Hayder,Bangladesh,2,67,60,0,0,0.0,0.0,7.9375,0
A Wellington,Australia,5,245,297,8,17,36.9666666666667,44.8,4.99825323677858,0
EJ Villani,Australia,9,197,214,5,24,26.25,35.5,5.94596687109449,0
LOB Cann,Bermuda,2,92,79,1,14,34.0,32.0,6.88962765957447,0
Zahir Khan,Afghanistan,1,56,65,2,10,28.0,32.5,5.16923076923077,0
KP Meiyappan,United Arab Emirates,4,132,190,6,10,7.4375,11.125,4.06659482758621,1
JN Frylinck,Namibia,7,210,310,11,15,20.447619047619,27.2428571428571,4.36183315431436,1
JJ Smit,Namibia,7,212,273,13,12,15.7761904761905,21.0095238095238,4.77616544453279,1
BM Scholtz,Namibia,7,209,322,10,10,17.7083333333333,28.5833333333333,3.92161622530475,1
JI de Villiers,Namibia,2,67,61,3,5,8.0,6.33333333333333,6.26773455377574,0
HN Ya France,Namibia,6,123,162,2,16,18.0,30.8,5.1578853046595,0
CG Williams,Namibia,6,173,221,4,11,23.8,29.0,4.96921436103921,0
J Mubarak,Sri Lanka,5,44,51,1,0,1.0,3.0,5.5,0
TT Samaraweera,Sri Lanka,3,33,30,1,0,1.33333333333333,4.0,8.33333333333333,0
Tamim Iqbal,Bangladesh,2,13,7,0,1,0.0,0.0,21.5,0
MJ North,Australia,1,16,18,0,0,0.0,0.0,5.33333333333333,0
G Onions,England,4,189,215,4,19,26.25,35.125,5.45135406389276,0
Rumman Raees,Pakistan,1,45,56,2,3,22.5,28.0,4.82142857142857,0
AV Lalcheta,Oman,2,62,84,2,0,8.75,13.5,4.64444444444445,0
Fayyaz Butt,Oman,5,168,202,4,7,14.6666666666667,21.6,5.2152468230694,0
Jay Odedra,Oman,3,104,140,6,5,14.1666666666667,20.3333333333333,4.89799635701275,1
H Hiri,Papua New Guinea,4,57,60,2,1,13.5,21.0,7.175,0
J Mulder,Ireland,4,157,192,6,12,16.5833333333333,23.75,5.75074710236001,0
CK Hooper,Canada,2,89,72,1,8,33.5,26.0,7.16538461538462,0
PA Desai,Canada,4,115,181,6,1,17.75,30.5,4.30589383294301,0
AG Prince,South Africa,1,3,12,0,0,0.0,0.0,1.5,0
Asif Ali,Pakistan,1,9,5,0,0,0.0,0.0,10.8,0
DC Thomas,West Indies,1,11,9,2,2,5.5,4.5,7.33333333333333,0
A van der Merwe,Ireland,3,79,126,2,0,32.3333333333333,54.0,3.91190476190476,0
J Anderson,Ireland,2,20,30,0,0,0.0,0.0,3.75,0
Suraiya Azmin,Bangladesh,2,40,42,2,4,20.0,21.0,5.71428571428571,0
Shaila Sharmin,Bangladesh,4,79,97,1,8,11.0,15.0,4.77669172932331,0
SE Aley,Australia,1,29,63,2,7,14.5,31.5,2.76190476190476,0
Q Joseph,West Indies,2,48,48,1,6,14.5,17.5,6.87032967032967,0
D Ravu,Papua New Guinea,3,89,102,0,6,0.0,0.0,5.63492063492064,0
PA Hitchcock,New Zealand,1,56,44,0,2,0.0,0.0,7.63636363636364,0
R Dhawan,India,3,161,155,1,8,37.0,32.0,6.1094696969697,0
Gurkeerat Singh,India,3,69,60,1,1,8.5,6.0,7.41111111111111,0
WW Hinds,West Indies,5,149,152,3,16,16.6666666666667,21.3333333333333,5.88666666666667,0
UDU Chandana,Sri Lanka,1,28,43,0,4,0.0,0.0,3.90697674418605,0
Z Groenewald,Namibia,3,110,151,6,1,12.3333333333333,18.0,4.4151593453919,0
MG Erasmus,Namibia,4,75,108,0,7,0.0,0.0,5.04262129380054,0
AK Markram,South Africa,3,76,73,1,1,22.0,25.0,6.07111111111111,0
RM West,Ireland,2,64,113,1,5,33.0,62.0,3.42030360531309,0
C Zhuwao,Zimbabwe,1,15,18,0,0,0.0,0.0,5.0,0
Ashfaq Ahmed,United Arab Emirates,2,103,102,3,4,37.75,40.5,6.32857142857143,0
AK Perera,Sri Lanka,3,33,36,0,0,0.0,0.0,5.38888888888889,0
A Mithun,India,5,210,188,3,17,32.5,32.75,6.86066408268734,0
MJ Cosgrove,Australia,1,12,24,0,0,0.0,0.0,3.0,0
AW Mathieson,New Zealand,1,40,25,1,1,40.0,25.0,9.6,0
DI Allan,Kenya,1,13,18,0,0,0.0,0.0,4.33333333333333,0
KHRK Fernando,Sri Lanka,2,41,68,1,2,9.0,18.0,3.65625,0
Khaled Mahmud,Bangladesh,1,15,13,0,2,0.0,0.0,6.92307692307692,0
FDM Karunaratne,Sri Lanka,2,18,16,0,0,0.0,0.0,6.8,0
Tapash Baisya,Bangladesh,2,78,49,0,2,0.0,0.0,10.2077205882353,0
Subashis Roy,Bangladesh,1,49,61,1,5,49.0,61.0,4.81967213114754,0
Fareed Ahmad,Afghanistan,3,106,123,5,16,11.2777777777778,13.6666666666667,4.80542264752791,0
Karim Janat,Afghanistan,1,31,25,0,1,0.0,0.0,7.44,0
LD Madushanka,Sri Lanka,4,177,148,4,9,30.0,27.75,7.36881868131868,0
Aamir Kaleem,Oman,2,54,77,2,1,15.0,23.0,4.27910238429173,0
A Neill,Scotland,1,25,57,1,3,25.0,57.0,2.63157894736842,0
DK Butler,West Indies,2,94,99,0,3,0.0,0.0,6.23461538461538,0
MVT Fernando,Sri Lanka,2,90,62,2,2,45.0,31.0,8.70967741935484,0
PWA Mulder,South Africa,3,53,56,1,2,6.66666666666667,6.33333333333333,5.7719298245614,0
Misbah-ul-Haq,Pakistan,1,30,24,0,0,0.0,0.0,7.5,0
MK Tiwary,India,6,150,136,5,8,11.7,12.6,8.7755376344086,1
TS Roland-Jones,England,1,34,42,1,0,34.0,42.0,4.85714285714286,0
HJC Mol,Netherlands,1,17,38,2,0,8.5,19.0,2.68421052631579,0
Sami Faridi,Canada,1,27,37,0,1,0.0,0.0,4.37837837837838,0
Qaiser Ali,Canada,2,55,89,1,10,19.0,29.0,3.61067853170189,0
GH O'Brien,Bermuda,1,32,62,3,3,10.6666666666667,20.6666666666667,3.09677419354839,0
TE Tucker,Bermuda,1,21,18,0,1,0.0,0.0,7.0,0
SD Outerbridge,Bermuda,1,11,6,1,0,11.0,6.0,11.0,0
M du Preez,South Africa,1,13,7,0,1,0.0,0.0,11.1428571428571,0
Z Mali,South Africa,1,11,13,0,1,0.0,0.0,5.07692307692308,0
Zulfiqar Babar,Pakistan,5,247,297,4,8,43.6,51.9,4.96825396825397,0
RA Reifer,West Indies,2,54,57,2,4,11.5,12.5,5.66625,0
AS Luseno,Kenya,1,32,43,4,7,8.0,10.75,4.46511627906977,1
KC Hodsoll,Bermuda,1,28,30,1,0,28.0,30.0,5.6,0
SK Dolawatte,Sri Lanka,3,56,78,3,0,15.0,21.0,6.3,0
SC Getkate,Ireland,3,120,164,6,2,20.0,27.3333333333333,4.43917050691244,0
Umaima Sohail,Pakistan,3,56,67,1,1,8.0,10.0,5.04444444444444,0
SA Abbott,Australia,1,25,30,1,0,25.0,30.0,5.0,0
J Blackwood,West Indies,1,16,18,0,0,0.0,0.0,5.33333333333333,0
JI Rodrigues,India,1,1,6,1,0,1.0,6.0,1.0,0
RR Rossouw,South Africa,3,44,46,1,1,17.0,18.0,5.80555555555556,0
M de Lange,South Africa,4,199,220,10,17,25.0833333333333,28.2708333333333,5.28302669815953,1
Sania Khan,Pakistan,3,76,111,2,6,24.6666666666667,35.6666666666667,4.9607982893799,0
MF Kendal,Ireland,1,22,21,0,4,0.0,0.0,6.28571428571429,0
Zahid Shah,United Arab Emirates,2,103,128,7,13,15.0416666666667,18.5,4.85,1
EHSN Silva,United Arab Emirates,1,33,42,0,0,0.0,0.0,4.71428571428571,0
Saqib Ali,United Arab Emirates,2,58,62,1,3,22.5,21.5,5.1921664626683,0
Arshad Ali,United Arab Emirates,2,101,96,1,1,74.0,60.0,5.95,0
Ali Khan,United States of America,1,23,31,1,1,23.0,31.0,4.45161290322581,0
JM Kerr,New Zealand,2,41,44,2,3,20.5,22.0,5.56421052631579,0
GH Worker,New Zealand,1,5,6,0,0,0.0,0.0,5.0,0
K Kamyuka,Canada,2,48,47,5,1,7.8,7.0,5.59285714285714,1
RL Haynes,Australia,2,34,24,2,0,6.0,6.0,8.5,0
DL Chahar,India,2,93,104,1,3,48.0,60.0,5.46818181818182,0
S Dube,India,1,69,47,0,1,0.0,0.0,8.80851063829787,0
B Vakarewa,Australia,1,22,27,0,4,0.0,0.0,4.88888888888889,0
NE Bolton,Australia,1,18,18,2,0,9.0,9.0,6.0,0
RK Parwin,India,1,34,44,0,6,0.0,0.0,4.63636363636364,0
PL Harris,South Africa,3,89,183,3,12,24.0,51.5,2.91907280098713,0
Mosharraf Hossain,Bangladesh,5,148,201,4,4,17.5,26.5,5.00040685847138,0
K Christie,Hong Kong,1,18,9,0,3,0.0,0.0,12.0,0
Imran Farhat,Pakistan,2,25,33,1,0,21.0,30.0,6.1,0
Danish Kaneria,Pakistan,2,93,81,4,3,30.5,32.5,8.36842105263158,0
GH Bodi,South Africa,1,8,6,0,0,0.0,0.0,8.0,0
Ritu Moni,Bangladesh,2,19,38,0,2,0.0,0.0,3.8125,0
Haseeb Amjad,Hong Kong,2,82,113,5,6,16.3333333333333,24.0833333333333,4.52380952380952,0
Fakhar Zaman,Pakistan,3,57,57,0,1,0.0,0.0,5.79761904761905,0
D Olivier,South Africa,2,125,117,3,4,44.25,43.0,6.36862170087977,0
Aman Ali,United Arab Emirates,1,22,14,0,2,0.0,0.0,9.42857142857143,0
GW Flower,Zimbabwe,2,38,42,0,0,0.0,0.0,5.375,0
SS Iyer,India,1,13,8,0,2,0.0,0.0,9.75,0
D Mohammed,West Indies,4,171,236,10,6,23.9583333333333,31.1875,4.34418777943368,1
ML Nkala,Zimbabwe,1,11,18,0,0,0.0,0.0,3.66666666666667,0
J Charles,West Indies,1,12,7,0,2,0.0,0.0,10.2857142857143,0
NT Pascal,West Indies,1,30,27,0,5,0.0,0.0,6.66666666666667,0
L Maritz,Ireland,2,97,81,0,3,0.0,0.0,7.11904761904762,0
G Gambhir,India,1,13,8,0,2,0.0,0.0,9.75,0
Kabir Ali,England,5,300,254,5,31,16.46875,17.5625,7.24955691056911,1
LHD Dilhara,Sri Lanka,1,41,51,0,4,0.0,0.0,4.82352941176471,0
ME Sanuth,Oman,3,61,61,1,1,6.0,12.0,9.17543859649123,0
Sandeep Goud,Oman,2,24,25,0,2,0.0,0.0,5.75,0
EAJ Richardson,Ireland,1,45,60,1,0,45.0,60.0,4.5,0
L Delany,Ireland,1,54,55,5,0,10.8,11.0,5.89090909090909,1
Najibullah Zadran,Afghanistan,1,9,18,0,0,0.0,0.0,3.0,0
Shuvagata Hom,Bangladesh,1,9,12,0,0,0.0,0.0,4.5,0
CN Nation,West Indies,1,9,6,0,0,0.0,0.0,9.0,0
KE Broadmore,New Zealand,2,61,74,1,2,27.0,31.0,4.36290322580645,0
R Clarke,England,2,68,70,1,9,37.0,43.0,6.02583979328165,0
KOK Williams,West Indies,3,138,172,1,4,9.66666666666667,21.0,4.8495966692688,0
C Viljoen,Namibia,2,14,32,2,2,1.5,6.25,4.14857142857143,0
K Birkenstock,Namibia,1,9,6,1,4,9.0,6.0,9.0,0
Pankaj Singh,India,1,45,44,0,2,0.0,0.0,6.13636363636364,0
A Balbirnie,Ireland,2,42,30,1,0,15.5,12.0,9.375,0
Shathira Jakir,Bangladesh,1,22,19,0,1,0.0,0.0,6.94736842105263,0
Fahima Khatun,Bangladesh,1,34,55,0,1,0.0,0.0,3.70909090909091,0
AO Suji,Kenya,2,22,26,0,2,0.0,0.0,5.36842105263158,0
GT Main,Scotland,1,30,33,0,3,0.0,0.0,5.45454545454545,0
GA Guy,New Zealand,1,20,19,0,1,0.0,0.0,6.31578947368421,0
BL Morgan,England,1,10,16,1,0,10.0,16.0,3.75,0
SJ Andrews,Australia,1,13,24,0,0,0.0,0.0,3.25,0
S Nitschke,Australia,1,34,36,0,0,0.0,0.0,5.66666666666667,0
LJ Poulton,Australia,1,18,13,0,1,0.0,0.0,8.30769230769231,0
Sneh Rana,India,1,41,43,0,1,0.0,0.0,5.72093023255814,0
Kushal Malla,Nepal,2,65,114,2,6,32.5,57.0,3.41666666666667,0
MD Bates,New Zealand,2,53,84,3,1,20.5,30.0,3.91666666666667,0
SD Parry,England,2,94,116,4,4,36.3333333333333,37.6666666666667,4.95558867362146,0
Mohammad Yousuf,Pakistan,1,0,1,1,0,0.0,1.0,0.0,0
S Ravikumar,Sri Lanka,1,35,54,0,0,0.0,0.0,3.88888888888889,0
H Madavi,Sri Lanka,3,33,25,0,5,0.0,0.0,8.19047619047619,0
LP van Troost,Netherlands,1,60,25,1,6,60.0,25.0,14.4,0
Kyshona A Knight,West Indies,2,32,26,0,2,0.0,0.0,7.48872180451128,0
Fahim Ashraf,Pakistan,1,37,41,2,3,18.5,20.5,5.41463414634146,0
M Shezi,South Africa,1,8,37,1,1,8.0,37.0,1.2972972972973,0
Junaid Siddique,Bangladesh,2,13,13,0,1,0.0,0.0,5.85714285714286,0
J Louw,South Africa,1,50,44,0,2,0.0,0.0,6.81818181818182,0
J Yadav,India,1,8,24,1,0,8.0,24.0,2.0,0
Y Punja,United Arab Emirates,1,50,39,0,4,0.0,0.0,7.69230769230769,0
Umair Ali,United Arab Emirates,1,66,62,0,9,0.0,0.0,6.38709677419355,0
Zaheer Maqsood,United Arab Emirates,1,58,60,2,2,29.0,30.0,5.8,0
Asif Iqbal (1),United Arab Emirates,1,33,24,0,1,0.0,0.0,8.25,0
Waqas Barkat,Hong Kong,1,19,12,0,0,0.0,0.0,9.5,0
Babar Hayat,Hong Kong,1,9,6,0,0,0.0,0.0,9.0,0
KD Shah,Hong Kong,1,30,36,0,0,0.0,0.0,5.0,0
KMC Bandara,Sri Lanka,1,84,61,1,2,84.0,61.0,8.26229508196721,0
BKG Mendis,Sri Lanka,2,28,20,0,0,0.0,0.0,8.875,0
KS Airee,Nepal,1,29,24,0,0,0.0,0.0,7.25,0
Afif Hossain,Bangladesh,1,12,12,1,0,12.0,12.0,6.0,0
R Hekure,Papua New Guinea,1,33,61,2,2,16.5,30.5,3.24590163934426,0
B Mavuta,Zimbabwe,2,46,45,2,3,15.0,19.0,9.22556390977444,0
MMA Jonkman,Netherlands,1,21,26,1,2,21.0,26.0,4.84615384615385,0
MM Lanning,Australia,2,44,45,1,5,30.0,25.0,5.7,0
M Pushpakumara,Sri Lanka,1,21,31,0,1,0.0,0.0,4.06451612903226,0
B Shikongo,Namibia,1,42,40,2,5,21.0,20.0,6.3,0
Aarif Sheikh,Nepal,1,10,12,0,0,0.0,0.0,5.0,0
LN Rajbanshi,Nepal,1,33,43,0,1,0.0,0.0,4.6046511627907,0
CP Rizwan,United Arab Emirates,1,10,4,0,0,0.0,0.0,15.0,0
JD Campbell,West Indies,1,13,6,0,0,0.0,0.0,13.0,0
E Katchay,Canada,1,23,18,1,0,23.0,18.0,7.66666666666667,0
Zawar Farid,United Arab Emirates,1,29,36,0,0,0.0,0.0,4.83333333333333,0
BOP Fernando,Sri Lanka,1,16,12,0,0,0.0,0.0,8.0,0
Sayed Shirzad,Afghanistan,1,57,48,2,1,28.5,24.0,7.125,0
SG Whittingham,Scotland,1,51,53,1,6,51.0,53.0,5.77358490566038,0
PHT Kaushal,Sri Lanka,1,25,36,0,0,0.0,0.0,4.16666666666667,0
D Paterson,South Africa,1,37,50,0,2,0.0,0.0,4.44,0
Hussain Talat,Pakistan,1,17,13,0,3,0.0,0.0,7.84615384615385,0
IA Nicolson,Zimbabwe,1,74,44,1,2,74.0,44.0,10.0909090909091,0
WT Gavera,Papua New Guinea,2,82,88,1,8,57.0,61.0,5.58105646630237,0
D Soraine,Canada,2,38,55,1,3,12.0,21.5,5.17441860465116,0
J Patraj,Canada,2,76,92,2,3,38.0,46.0,5.02273929138022,0
AL Kandappah,Canada,1,4,1,0,0,0.0,0.0,24.0,0
DM Dupavillon,South Africa,1,23,37,1,3,23.0,37.0,3.72972972972973,0
H Klaasen,South Africa,1,19,18,0,0,0.0,0.0,6.33333333333333,0
DJM Short,Australia,2,56,48,0,1,0.0,0.0,7.0,0
Sanjida Islam,Bangladesh,1,12,8,0,2,0.0,0.0,9.0,0
Nahida Akter,Bangladesh,2,53,81,3,0,21.0,27.75,4.39411764705882,0
AN Petersen,South Africa,1,7,9,0,4,0.0,0.0,4.66666666666667,0
Lata Mondal,Bangladesh,1,15,33,0,3,0.0,0.0,2.72727272727273,0
Irfan Sajid,United Arab Emirates,1,23,30,0,0,0.0,0.0,4.6,0
Hashmatullah Shahidi,Afghanistan,2,25,18,0,0,0.0,0.0,8.25,0
Zain Abbas,Hong Kong,1,56,38,1,6,56.0,38.0,8.8421052631579,0
Salman Farooq,United Arab Emirates,1,23,37,0,1,0.0,0.0,3.72972972972973,0
TC Bastiampillai,Canada,1,12,6,0,0,0.0,0.0,12.0,0
A Shamshudeen,Canada,1,24,18,0,0,0.0,0.0,8.0,0
TP Ura,Papua New Guinea,1,12,6,0,0,0.0,0.0,12.0,0
A Codrington,Canada,1,35,33,0,7,0.0,0.0,6.36363636363636,0
Manjural Islam Rana,Bangladesh,1,15,12,0,0,0.0,0.0,7.5,0
GJ McCarter,Ireland,1,38,48,0,0,0.0,0.0,4.75,0
Nahida Khan,Pakistan,1,12,12,0,0,0.0,0.0,6.0,0
HMD Rasangika,Sri Lanka,1,20,12,0,0,0.0,0.0,10.0,0
AA Noffke,Australia,1,47,54,2,1,23.5,27.0,5.22222222222222,0
AM Nayar,India,1,17,20,0,2,0.0,0.0,5.1,0
Raza Hasan,Pakistan,1,68,62,2,2,34.0,31.0,6.58064516129032,0
